name,category,serving_size_g,calories,sodium_mg,sugar_g,carbs_g,protein_g,fat_g,sample_count,source_dataset
가공우유,유가공품류,241.2,68.9,47.2,8.96,8.96,2.36,2.36,860,가공식품
가공우유(멸균),유가공품류,212.0,70.8,47.2,8.58,10.72,2.14,2.06,28,가공식품
가라지류,어패류 및 기타 수산물,,78.0,,0.69,0.69,14.81,1.3,1,원재료성식품
가래떡,빵 및 과자류,100.0,195.0,241.0,0.0,43.73,3.92,0.51,3,음식
가리비류,어패류 및 기타 수산물,,67.0,371.0,0.2,0.0,12.3,0.82,17,원재료성식품
가무락조개,어패류 및 기타 수산물,,61.0,528.0,,3.19,8.17,1.46,2,원재료성식품
가물치,어패류 및 기타 수산물,,86.0,,0.3,0.3,18.2,0.8,2,원재료성식품
가시망둑,어패류 및 기타 수산물,,101.0,,0.0,0.0,22.4,0.7,1,원재료성식품
가시오가피,채소류,,76.0,1.0,2.48,15.87,5.67,0.7,2,원재료성식품
가오리류,어패류 및 기타 수산물,,97.0,,0.0,0.0,21.6,0.6,5,원재료성식품
가오리찜,찜류,400.0,102.0,151.0,0.06,0.46,21.99,1.39,2,음식
가오리콩나물찜,찜류,600.0,29.0,111.0,0.69,3.5,2.68,0.84,1,음식
가오리회무침,생채·무침류,270.0,47.0,164.0,3.54,6.47,4.7,0.47,2,음식
가자미 매운탕,찌개 및 전골류,550.0,31.0,113.0,0.36,1.5,4.4,0.81,2,음식
가자미구이,구이류,145.0,123.0,315.0,0.0,0.66,18.7,5.02,6,음식
가자미류,어패류 및 기타 수산물,,90.0,,0.2,0.2,18.3,1.3,129,원재료성식품
가자미식해,젓갈류,250.0,134.0,685.0,3.71,11.64,11.09,4.81,1,음식
가자미조림,조림류,188.8,99.0,564.0,3.5,7.17,12.37,2.37,5,음식
가자미찜,찜류,170.8,77.0,344.0,0.72,2.67,11.7,1.95,2,음식
가자미튀김,튀김류,78.5,94.0,215.0,0.0,2.89,5.1,6.54,4,음식
가재류,어패류 및 기타 수산물,,85.0,58.0,0.0,0.0,15.97,0.95,9,원재료성식품
가죽나물무침,생채·무침류,80.0,76.0,276.0,3.81,10.05,5.83,1.35,1,음식
가지,채소류,,19.0,0.0,2.32,4.36,1.13,0.03,4,원재료성식품
가지김치,김치류,100.0,36.0,1592.0,2.45,6.22,2.1,0.77,1,음식
가지나물,나물·숙채류,50.0,36.0,274.0,2.34,4.18,1.42,1.5,5,음식
가지냉국,국 및 탕류,160.0,19.0,654.0,1.4,3.42,1.1,0.39,1,음식
가지볶음,볶음류,60.0,35.0,207.0,1.55,3.36,0.9,2.17,3,음식
가지전,전·적 및 부침류,200.0,123.0,337.0,0.84,8.88,5.48,7.28,5,음식
가지찜,찜류,77.2,120.0,402.0,2.64,10.23,5.6,6.29,2,음식
가지탕수,튀김류,195.4,154.0,236.0,4.19,21.21,2.2,6.5,3,음식
각시수랑,어패류 및 기타 수산물,,70.0,,0.92,0.92,15.0,0.3,1,원재료성식품
간자장,면 및 만두류,725.0,125.0,455.0,0.86,15.13,5.12,4.89,4,음식
간장,장류,914.8,53.6,5625.0,2.68,6.25,6.25,0.0,831,가공식품
간재미회무침,생채·무침류,270.0,47.0,164.0,3.57,6.47,4.73,0.47,1,음식
갈래곰보,해조류,,12.0,,4.3,4.6,0.9,0.2,1,원재료성식품
갈매기살구이,구이류,100.0,312.0,124.0,0.0,0.28,26.98,22.6,1,음식
갈비구이,구이류,150.0,294.0,389.0,5.7,5.78,19.58,21.39,5,음식
갈비찜,찜류,300.0,198.0,301.0,1.73,5.26,19.94,10.78,3,음식
갈비탕,국 및 탕류,521.4,54.0,199.0,0.11,0.4,8.51,2.06,6,음식
갈색 거저리,기타,,195.0,32.0,0.97,0.83,23.19,11.0,2,원재료성식품
갈치구이,구이류,125.0,138.0,297.0,0.0,0.6,21.54,5.48,10,음식
갈치류,어패류 및 기타 수산물,,121.0,,0.0,0.0,20.0,3.9,71,원재료성식품
갈치젓,젓갈류,90.0,149.0,5023.0,4.91,10.28,15.53,5.08,1,음식
갈치조림,조림류,95.0,76.0,297.0,1.68,4.67,7.1,3.09,3,음식
갈치찌개,찌개 및 전골류,341.9,38.0,91.0,0.98,1.95,5.27,1.0,4,음식
갈치튀김,튀김류,100.0,78.0,172.0,0.0,1.85,4.6,5.47,2,음식
감,과일류,,62.0,1.0,11.23,16.61,0.44,0.09,10,원재료성식품
감말랭이,과일류,,236.0,2.0,29.46,63.57,1.83,0.12,3,원재료성식품
감바스,볶음류,641.0,303.0,346.0,1.42,18.56,6.54,22.52,3,음식
감잎차,차류,,0.0,0.0,0.0,0.0,0.02,0.03,1,원재료성식품
감자,찜류,200.0,70.0,3.0,0.86,15.01,2.16,0.16,1,음식
감자 된장국,국 및 탕류,256.7,32.0,207.0,0.36,4.0,2.4,0.77,4,음식
감자 소고기찌개,찌개 및 전골류,204.0,48.0,267.0,0.65,3.81,3.2,2.27,3,음식
감자 호박된장국,국 및 탕류,320.0,25.0,377.0,0.55,3.51,2.1,0.43,1,음식
감자구이,구이류,109.0,76.0,97.0,1.1,10.05,1.23,3.48,4,음식
감자국,국 및 탕류,240.0,21.0,215.0,0.85,3.67,0.9,0.26,8,음식
감자그라탕,구이류,47.6,160.0,193.0,2.66,,7.97,,5,음식
감자밥,밥류,261.5,130.0,2.0,0.01,28.45,2.4,0.14,1,음식
감자범벅,"곡류, 서류 제품",112.3,93.0,597.0,3.72,21.31,2.3,0.05,3,음식
감자볶음,볶음류,101.3,108.0,208.0,0.12,13.1,2.04,5.22,31,음식
감자빵,빵 및 과자류,,242.0,295.0,3.42,38.08,2.5,8.58,10,음식
감자샐러드,생채·무침류,80.0,161.0,308.0,3.11,15.59,2.7,9.97,6,음식
감자샐러드 샌드위치,빵 및 과자류,380.0,109.0,216.0,2.27,13.59,3.0,4.8,3,음식
감자스프,죽 및 스프류,200.0,86.0,20.0,2.33,8.13,2.9,4.45,3,음식
감자연근튀김,튀김류,155.9,149.0,405.0,0.38,22.74,3.8,4.31,1,음식
감자전,전·적 및 부침류,200.0,133.0,293.0,1.81,16.79,1.72,6.54,5,음식
감자조림,조림류,80.0,114.0,487.0,7.68,18.1,2.4,3.52,5,음식
감자탕,찌개 및 전골류,420.0,71.0,328.0,0.0,2.27,6.31,4.06,5,음식
감자튀김,튀김류,150.0,307.0,299.0,0.32,41.35,4.5,13.75,26,음식
감펭류,어패류 및 기타 수산물,,108.0,,0.17,0.17,16.73,3.9,5,원재료성식품
갑오징어류,어패류 및 기타 수산물,,79.0,,0.23,0.23,16.87,0.7,6,원재료성식품
갑오징어무침,생채·무침류,100.0,50.0,225.0,3.06,5.89,5.31,0.74,1,음식
갓,채소류,,20.0,8.0,0.74,3.08,2.31,0.39,4,원재료성식품
갓김치,김치류,100.0,37.0,720.0,2.46,7.07,3.26,0.4,1,음식
강낭콩,두류,,170.0,3.0,0.0,31.9,8.46,0.9,4,원재료성식품
강낭콩밥,밥류,300.0,111.0,2.0,0.01,24.21,2.2,0.15,4,음식
강냉이/팝콘,과자류·빵류 또는 떡류,80.0,428.0,122.0,5.65,72.22,7.86,12.01,1167,가공식품
강달이류,어패류 및 기타 수산물,,102.0,,0.0,0.0,14.0,5.1,4,원재료성식품
강준치,어패류 및 기타 수산물,,90.0,,0.2,0.2,18.7,1.1,1,원재료성식품
강화우유,유가공품류,927.0,64.1,48.5,4.85,4.85,2.78,3.68,67,가공식품
개고기 수육,찜류,200.0,226.0,54.0,0.1,3.1,15.8,17.15,1,음식
개고기무침,생채·무침류,620.0,121.0,111.0,0.9,3.76,7.63,8.82,1,음식
개고기전골,찌개 및 전골류,630.0,74.0,109.0,0.53,2.35,5.56,5.03,1,음식
개량조개,어패류 및 기타 수산물,,62.0,,1.1,1.1,12.0,0.7,2,원재료성식품
개불류,어패류 및 기타 수산물,,53.0,,1.6,1.6,10.5,0.2,1,원재료성식품
개암(헤이즐넛),견과 및 종실류,,628.0,0.0,4.34,16.7,14.95,60.75,2,원재료성식품
개조개,어패류 및 기타 수산물,,64.0,,3.04,3.04,10.9,0.6,2,원재료성식품
개피떡(바람떡),빵 및 과자류,100.0,206.0,286.0,7.62,44.3,5.32,0.81,1,음식
갯가재류,어패류 및 기타 수산물,,87.0,,0.8,0.8,16.1,1.7,4,원재료성식품
갯강구,어패류 및 기타 수산물,,295.0,,,15.44,45.95,4.2,1,원재료성식품
갯기름나물,채소류,,49.0,4.0,0.0,9.39,3.86,0.71,10,원재료성식품
거위 부산물,육류,,133.0,140.0,,6.32,16.37,4.28,1,원재료성식품
거위고기,육류,,161.0,87.0,,0.0,22.75,7.13,2,원재료성식품
거위알,난류,,187.0,45.0,,1.0,12.7,13.6,2,원재료성식품
건갈치조림,조림류,74.6,96.0,1051.0,1.9,3.68,11.2,3.68,1,음식
건꼴뚜기조림,조림류,31.1,288.0,1038.0,1.55,10.14,29.4,13.55,1,음식
건새우 미역국,국 및 탕류,273.6,27.0,365.0,0.0,0.93,3.8,1.03,4,음식
건새우볶음,볶음류,67.5,304.0,1554.0,4.05,5.4,41.55,12.95,8,음식
건조과일(건과류),농산가공식품류,100.0,337.0,7.0,67.43,78.78,4.31,0.48,118,가공식품
건포도빵,빵 및 과자류,,311.0,355.0,9.25,,7.53,,3,음식
검은비늘버섯,버섯류,,13.0,3.0,,4.5,1.8,0.1,2,원재료성식품
검정콩밥,밥류,250.0,121.0,1.0,0.35,24.31,3.2,0.8,6,음식
겉절이,생채·무침류,100.0,61.0,431.0,2.98,5.26,2.36,3.41,4,음식
게걸무,채소류,,23.0,24.0,,4.2,2.7,0.2,2,원재료성식품
게국지,국 및 탕류,1100.0,38.0,368.0,0.98,2.88,4.08,1.1,1,음식
게류,어패류 및 기타 수산물,,85.0,418.0,0.41,0.43,16.19,0.7,74,원재료성식품
게르치류,어패류 및 기타 수산물,,158.0,,0.0,0.0,20.8,7.5,4,원재료성식품
게맛살튀김,튀김류,167.4,213.0,440.0,1.57,26.31,6.1,8.61,2,음식
게살죽,죽 및 스프류,800.0,71.0,182.0,0.02,13.42,2.24,0.89,1,음식
게장,젓갈류,100.0,88.0,910.0,2.93,4.47,12.25,2.31,2,음식
게조림,조림류,466.0,21.0,164.0,0.1,0.31,4.2,0.18,2,음식
겨자,채소류,,24.0,36.0,0.0,4.19,3.03,0.17,3,원재료성식품
겨자채,생채·무침류,112.3,120.0,18.0,2.31,4.02,5.4,8.88,4,음식
견과,"두류, 견과 및 종실류",,550.0,5.0,17.5,37.5,17.5,37.5,1,음식
견과류,농산가공식품류,100.0,595.0,10.0,9.5,30.0,18.0,46.0,2245,가공식품
견과류 가공품,농산가공식품류,200.0,588.0,12.0,5.83,30.0,18.33,44.17,833,가공식품
결명자차,차류,,0.0,0.0,0.0,0.04,0.0,0.0,2,원재료성식품
경단,빵 및 과자류,100.0,319.0,180.0,26.64,74.22,4.44,0.54,4,음식
경수채,채소류,,26.0,40.0,2.1,5.57,1.68,0.24,1,원재료성식품
계란 덮밥,밥류,335.4,152.0,106.0,0.61,21.33,4.7,4.85,3,음식
계란덮밥,밥류,100.0,143.0,223.0,3.07,25.14,4.31,2.82,1,음식
계란빵,빵 및 과자류,150.0,238.0,390.0,6.67,,10.48,,6,음식
계피,조미료류,,349.0,18.0,1.93,80.93,3.63,1.15,1,원재료성식품
계피차,차류,,357.0,5.0,,89.0,0.0,1.4,1,원재료성식품
고구마,찜류,150.0,132.0,79.0,18.43,30.17,2.45,0.12,2,음식
고구마깻잎튀김,튀김류,149.7,169.0,354.0,4.94,29.95,2.6,4.0,1,음식
고구마맛탕,튀김류,152.0,246.0,38.0,19.35,47.3,1.65,5.5,5,음식
고구마밥,밥류,216.0,139.0,2.0,1.6,30.44,2.3,0.35,3,음식
고구마전,전·적 및 부침류,140.0,227.0,87.0,14.26,35.99,2.92,7.98,1,음식
고구마조림,조림류,89.4,167.0,848.0,10.99,38.53,2.5,0.61,3,음식
고구마줄기나물,나물·숙채류,60.0,97.0,473.0,1.65,5.77,1.64,7.46,13,음식
고구마튀김,튀김류,100.0,253.0,148.0,7.72,33.8,2.72,11.87,5,음식
고기만두,면 및 만두류,265.2,99.0,148.0,0.06,14.13,6.1,1.63,4,음식
고둥류,어패류 및 기타 수산물,,111.0,256.0,,6.58,17.23,1.24,44,원재료성식품
고들빼기,채소류,,29.0,34.0,,5.8,1.6,0.5,2,원재료성식품
고들빼기김치,김치류,50.0,71.0,605.0,4.4,11.52,3.0,1.38,3,음식
고등어,수산가공식품류,180.0,223.0,237.0,0.0,2.0,18.0,16.0,227,가공식품
고등어구이,구이류,90.0,340.0,126.0,0.0,3.79,23.38,25.69,12,음식
고등어류,어패류 및 기타 수산물,,114.0,305.0,0.0,0.0,15.6,4.46,31,원재료성식품
고등어조림,조림류,95.0,108.0,411.0,3.73,4.9,8.36,6.07,13,음식
고등어찌개,찌개 및 전골류,451.8,100.0,431.0,1.23,4.27,8.15,5.62,3,음식
고등어찜,찜류,191.0,92.0,159.0,1.02,3.21,8.6,4.88,2,음식
고등어튀김,튀김류,100.0,126.0,262.0,0.08,2.29,6.2,9.68,3,음식
고디국(다슬기맑은국),국 및 탕류,300.0,17.0,96.0,0.23,1.58,1.4,0.71,3,음식
고래고기,육류,,111.0,78.0,0.0,0.0,26.5,0.5,1,원재료성식품
고량주,주류,,355.0,1.0,0.0,0.0,0.0,0.0,1,가공식품
고려엉겅퀴(곤드레),채소류,,40.0,0.0,0.0,6.32,3.8,0.92,3,원재료성식품
고령자용 영양조제식품,특수영양식품,400.0,395.0,240.0,15.0,66.0,15.0,9.0,6,가공식품
고로쇠나무,기타,,5.0,0.0,1.08,1.44,0.0,0.02,1,원재료성식품
고리매,해조류,,14.0,,,4.65,1.35,0.25,1,원재료성식품
고비,채소류,,28.0,1.0,2.09,6.41,1.72,0.13,5,원재료성식품
고사리,채소류,,22.0,0.0,0.2,3.8,2.9,0.17,4,원재료성식품
고사리나물,나물·숙채류,79.7,56.0,1301.0,0.38,4.89,3.7,3.14,4,음식
고사리나물무침,나물·숙채류,50.0,90.0,441.0,0.5,6.28,3.78,5.52,1,음식
고수(향채),채소류,,33.0,5.0,,5.6,4.6,0.2,1,원재료성식품
고추,채소류,,29.0,1.0,1.8,6.42,1.71,0.19,13,원재료성식품
고추냉이,채소류,,27.0,15.0,1.06,5.35,1.93,0.41,3,원재료성식품
고추씨기름,식용유지류,165.6,898.0,0.0,0.0,0.0,0.0,100.0,10,가공식품
고추잡채,볶음류,400.0,168.0,199.0,4.77,22.5,6.76,5.62,4,음식
고추장,장류,350.0,225.0,2440.0,21.0,45.0,6.0,2.0,608,가공식품
고추장볶음,볶음류,24.5,376.0,1604.0,14.39,33.35,9.1,24.52,3,음식
고추장아찌,장아찌·절임류,100.0,124.0,2026.0,11.38,31.49,2.39,0.63,1,음식
고추장아찌 무침,생채·무침류,37.6,62.0,697.0,4.8,13.91,1.5,0.9,1,음식
고추장찌개,찌개 및 전골류,285.0,56.0,138.0,1.08,4.17,5.26,2.13,2,음식
고추전,전·적 및 부침류,127.3,183.0,241.0,1.45,11.34,8.61,11.48,2,음식
고추조림,조림류,80.0,111.0,779.0,7.1,13.4,3.3,4.9,5,음식
고추튀김,튀김류,65.5,202.0,249.0,2.3,14.6,7.6,12.6,4,음식
고춧가루,조미식품,1000.0,369.0,18.0,11.0,57.0,15.0,9.0,107,가공식품
고춧가루 양념장,"장류, 양념류",115.0,140.0,1416.0,1.95,14.39,5.9,7.19,4,음식
고춧잎,채소류,,45.0,4.0,0.0,8.49,5.07,0.32,4,원재료성식품
고춧잎나물,나물·숙채류,47.3,101.0,420.0,0.45,12.51,6.9,4.21,4,음식
고춧잎나물무침,나물·숙채류,90.0,88.0,797.0,1.51,7.14,4.41,4.69,1,음식
고형차,음료류,151.5,380.0,120.0,4.1,92.0,1.7,0.6,768,가공식품
곡물빵,과자류·빵류 또는 떡류,320.0,265.0,310.0,3.0,47.0,9.0,4.8,549,가공식품
곤달비,채소류,,29.0,2.0,0.61,4.96,2.74,0.53,2,원재료성식품
곤드레나물밥,밥류,350.0,149.0,26.0,0.0,28.26,2.94,2.71,1,음식
곤드레밥,밥류,500.0,87.0,118.0,0.18,17.09,2.09,0.97,5,음식
곤약(구약나물),감자 및 전분류,,7.0,2.0,0.0,3.18,0.08,0.01,4,원재료성식품
곤약무침,생채·무침류,75.0,83.0,119.0,1.12,3.62,0.7,7.7,1,음식
곤약조림,조림류,109.3,43.0,336.0,2.05,7.17,1.1,1.99,4,음식
곤충가공식품,동물성가공식품류,500.0,216.0,52.0,0.0,5.1,23.8,11.2,15,가공식품
골든세이지,조미료류,,385.0,60.0,,73.6,1.6,9.3,1,원재료성식품
골뱅이,수산가공식품류,350.0,79.0,523.0,5.4,7.8,10.7,0.5,38,가공식품
골뱅이무침,생채·무침류,100.0,109.0,281.0,3.57,18.91,5.01,1.47,9,음식
곰취,채소류,,32.0,1.0,0.4,5.85,2.76,0.58,4,원재료성식품
곰치국,국 및 탕류,1000.0,42.0,380.0,0.28,2.39,5.43,1.18,1,음식
곰탕,국 및 탕류,300.0,25.0,225.0,0.33,2.6,2.37,0.6,7,음식
곱창구이,구이류,150.0,184.0,1315.0,1.11,4.71,14.89,11.73,1,음식
곱창볶음,볶음류,150.0,235.0,520.0,3.67,16.33,17.2,11.13,3,음식
곱창전골,찌개 및 전골류,947.5,140.0,320.0,1.08,8.65,5.79,9.11,5,음식
공심채,채소류,,17.0,26.0,0.5,3.1,2.2,0.1,2,원재료성식품
곶감,과일류,,219.0,1.0,27.0,58.93,1.76,0.07,1,원재료성식품
과·채당절임,절임류 또는 조림류,200.0,322.0,6.0,53.03,79.02,1.22,0.1,577,가공식품
과·채음료,음료류,249.6,48.1,9.6,9.62,11.54,0.0,0.0,3202,가공식품
과·채주스,음료류,210.0,41.3,4.8,9.23,10.0,0.38,0.0,6601,가공식품
과ㆍ채주스,음료 및 차류,100.0,35.6,1.9,7.6,8.72,0.13,0.02,228,음식
과실주,주류,500.0,54.0,35.0,0.0,0.8,0.0,0.0,8,가공식품
과일,과일류,,43.0,18.0,7.07,,0.47,,1,음식
과일가공품,농산가공식품류,250.0,83.0,2.0,16.92,20.77,0.77,0.08,2801,가공식품
과일샐러드,생채·무침류,122.8,75.0,37.0,4.79,6.74,0.38,5.49,4,음식
광어 매운탕,찌개 및 전골류,600.0,63.0,55.0,0.77,2.94,8.9,1.74,2,음식
괴도라치,어패류 및 기타 수산물,,74.0,,0.02,0.02,17.2,0.1,1,원재료성식품
구기자,채소류,,50.0,2.0,0.78,7.05,6.27,1.08,3,원재료성식품
구기자차,차류,,1.0,0.0,0.02,0.13,0.0,0.0,2,원재료성식품
구아바,과일류,,33.0,3.0,3.5,9.9,0.6,0.1,1,원재료성식품
구절초차,차류,,345.0,46.0,,72.1,11.1,1.3,1,원재료성식품
구즈베리,과일류,,51.0,1.0,10.9,13.2,1.0,0.1,1,원재료성식품
국/탕류,즉석식품류,500.0,37.0,267.0,0.45,2.6,3.29,1.5,4942,가공식품
국밥,밥류,800.0,75.0,126.0,0.17,10.38,3.17,2.28,7,음식
국수,면 및 만두류,697.7,50.0,354.0,1.38,8.67,2.15,0.8,13,음식
국수전골,찌개 및 전골류,457.7,88.0,298.0,1.09,14.56,3.4,1.83,1,음식
국화꽃,채소류,,25.0,2.0,,6.5,1.4,0.0,3,원재료성식품
국화차,차류,,0.0,0.0,0.0,0.03,0.0,0.0,2,원재료성식품
군만두,면 및 만두류,257.3,219.0,237.0,0.44,25.22,8.5,9.25,4,음식
군소류,어패류 및 기타 수산물,,40.0,451.0,,0.37,7.3,0.83,7,원재료성식품
군평선이,어패류 및 기타 수산물,,103.0,,0.2,0.2,18.5,2.6,1,원재료성식품
굴 국밥,밥류,809.0,63.0,144.0,0.46,12.79,1.6,0.32,1,음식
굴 두부찌개,찌개 및 전골류,326.7,21.0,98.0,0.44,1.48,2.2,0.66,1,음식
굴 미역국,국 및 탕류,280.0,16.0,382.0,0.12,1.9,1.9,0.47,2,음식
굴국,국 및 탕류,320.0,25.0,251.0,0.14,2.93,2.41,0.36,4,음식
굴류,어패류 및 기타 수산물,,92.0,480.0,0.97,5.27,9.66,2.19,16,원재료성식품
굴무침,생채·무침류,50.0,77.0,204.0,2.74,7.3,6.68,2.31,3,음식
굴밥,밥류,500.0,122.0,126.0,0.66,21.44,4.3,1.95,1,음식
굴비구이,구이류,52.5,524.0,549.0,0.0,0.6,59.2,29.72,3,음식
굴전,전·적 및 부침류,100.0,195.0,326.0,1.3,14.5,10.6,10.5,3,음식
굴죽,죽 및 스프류,259.0,107.0,196.0,0.19,16.76,2.4,2.99,1,음식
굴찜,찜류,98.9,142.0,923.0,7.17,15.7,11.3,4.04,1,음식
귀뚜라미,기타,,130.0,121.0,0.0,3.39,22.45,0.0,1,원재료성식품
귀리,곡류,,386.0,2.0,0.91,66.1,11.51,8.78,4,원재료성식품
귀리밥,밥류,100.0,162.0,0.0,0.09,34.54,3.9,0.87,1,음식
귤,과일류,,40.0,1.0,8.39,10.3,0.4,0.13,15,원재료성식품
귤 주스,과일류,,39.0,13.0,,10.4,0.2,0.1,1,원재료성식품
귤차,음료 및 차류,,38.0,1.0,8.89,9.26,0.06,0.0,25,음식
그라탕,구이류,,549.0,394.0,7.9,,20.15,,3,음식
근대,채소류,,20.0,138.0,0.0,3.95,1.79,0.2,2,원재료성식품
근대 된장국,국 및 탕류,250.0,12.0,200.0,0.35,1.71,0.9,0.34,4,음식
근대나물,나물·숙채류,73.0,50.0,724.0,0.09,4.49,2.5,2.87,4,음식
금귤,과일류,,73.0,5.0,11.77,18.77,1.19,0.13,1,원재료성식품
기러기알,난류,,193.0,143.0,,2.4,12.3,13.9,2,원재료성식품
기름장,"장류, 양념류",10.0,640.0,7518.0,0.01,0.92,0.2,69.06,1,음식
기름종개류,어패류 및 기타 수산물,,96.0,,0.2,0.2,16.2,2.8,7,원재료성식품
기스면,면 및 만두류,1000.0,61.0,276.0,0.05,8.98,3.78,1.07,1,음식
기장,곡류,,371.0,5.0,0.46,69.65,13.63,3.77,5,원재료성식품
기장밥,밥류,252.5,166.0,1.0,0.0,36.77,3.44,0.57,8,음식
기타 농산가공품,농산가공식품류,130.0,364.0,9.0,1.3,78.5,8.6,1.7,5332,가공식품
기타 두부 가공품,두부류 또는 묵류,350.0,250.0,300.0,1.0,9.0,11.0,16.0,188,가공식품
기타 라면,면류,110.0,450.0,400.0,1.0,67.0,9.0,16.0,33,가공식품
기타 묵 가공품,두부류 또는 묵류,180.0,15.0,226.0,0.0,1.7,0.4,1.0,127,가공식품
기타 빵,과자류·빵류 또는 떡류,130.0,315.0,260.0,15.0,45.0,7.0,12.0,9778,가공식품
기타 사탕,과자류·빵류 또는 떡류,60.0,376.0,39.0,26.9,92.7,0.8,0.2,1964,가공식품
기타 소스류,조미식품,350.0,110.0,955.0,11.64,21.65,2.82,1.33,9739,가공식품
기타 수산가공품,수산가공식품류,300.0,122.0,275.0,1.32,12.03,11.73,3.05,4252,가공식품
기타 시리얼,즉석식품류,55.0,420.0,50.0,12.0,68.0,8.0,16.0,11,가공식품
기타 식용유지,식용유지류,36.8,891.0,0.0,0.0,0.02,0.0,99.9,156,가공식품
기타 식육가공품,식육가공품 및 포장육,600.0,150.0,290.0,1.0,7.0,10.0,9.0,4433,가공식품
기타 음료,즉석식품류,110.0,410.0,149.0,1.0,78.0,13.0,5.0,26,가공식품
기타 조림,절임류 또는 조림류,235.0,135.0,520.0,8.0,17.0,7.0,4.3,2266,가공식품
기타 즉석식품,즉석식품류,180.0,120.0,178.0,2.44,16.89,5.56,3.33,1537,가공식품
기타 코코아가공품,코코아가공품류 또는 초콜릿류,300.0,415.0,140.0,42.0,56.0,5.0,19.0,645,가공식품
기타가공품,기타식품류,100.0,381.0,164.0,7.1,76.7,10.8,3.4,2908,가공식품
기타김치,절임류 또는 조림류,113.5,38.0,593.0,2.87,6.24,1.97,0.54,934,가공식품
기타면,면류,243.9,262.0,499.0,2.0,57.0,6.0,1.0,572,가공식품
기타빵,빵 및 과자류,,287.0,263.0,18.0,47.0,2.0,10.2,38,음식
기타음료,음료 및 차류,,56.0,30.0,7.43,7.58,1.68,1.99,32,음식
기타차,음료 및 차류,,36.0,2.0,8.78,8.95,0.01,0.0,187,음식
기피편,빵 및 과자류,100.0,220.0,281.0,2.08,48.99,5.45,0.25,1,음식
김,수산가공식품류,25.0,560.0,1132.0,0.0,28.6,22.0,38.0,1875,가공식품
김구이,구이류,5.0,470.0,4011.0,0.2,29.0,20.4,30.2,1,음식
김국,국 및 탕류,267.2,14.0,119.0,0.25,2.27,0.9,0.29,2,음식
김류,해조류,,202.0,903.0,0.0,46.19,38.46,2.82,16,원재료성식품
김말이튀김,튀김류,100.0,245.0,383.0,1.09,33.11,2.28,11.46,6,음식
김무침,생채·무침류,30.0,259.0,1011.0,5.73,19.33,21.17,10.73,1,음식
김밥,밥류,400.0,169.0,327.0,0.09,27.52,4.88,4.41,36,음식
김부각,튀김류,19.0,158.0,130.0,0.31,20.73,5.7,7.3,3,음식
김자반,수산가공식품류,60.0,574.0,1048.0,6.25,33.75,13.75,47.5,507,가공식품
김치 고기만두,면 및 만두류,82.0,294.0,552.0,1.44,42.38,16.2,5.26,3,음식
김치 돼지고기볶음,볶음류,50.0,113.0,294.0,2.27,4.26,8.1,6.61,3,음식
김치 된장국,국 및 탕류,280.0,15.0,239.0,0.71,1.97,1.1,0.38,2,음식
김치 볶음밥,밥류,320.0,160.0,678.0,1.0,16.5,8.29,6.36,4,음식
김치 청국장찌개,찌개 및 전골류,275.0,30.0,191.0,0.79,3.2,2.6,0.9,2,음식
김치 콩나물국,국 및 탕류,252.6,10.0,181.0,0.38,1.12,1.2,0.24,4,음식
김치국,국 및 탕류,200.0,20.0,365.0,0.64,2.33,1.2,0.62,15,음식
김치만두,면 및 만두류,325.4,76.0,344.0,0.5,7.9,5.9,2.05,4,음식
김치볶음,볶음류,100.0,106.0,521.0,4.45,7.27,1.38,7.94,21,음식
김치순두부,찌개 및 전골류,218.2,37.0,119.0,0.71,1.58,4.2,1.39,10,음식
김치전,전·적 및 부침류,120.0,134.0,240.0,4.21,19.01,5.05,4.2,7,음식
김치전골,찌개 및 전골류,410.0,73.0,299.0,0.79,5.68,3.12,4.23,2,음식
김치찌개,찌개 및 전골류,240.0,51.0,264.0,0.15,2.9,3.59,2.82,34,음식
김치찜,찜류,350.0,52.0,488.0,0.71,2.99,4.9,2.26,7,음식
김칫속,절임류 또는 조림류,100.0,75.0,900.0,5.0,13.0,3.0,0.9,134,가공식품
김튀김,튀김류,50.0,522.0,606.0,0.14,54.36,11.0,28.9,1,음식
까나리,어패류 및 기타 수산물,,30.0,,0.03,0.27,7.16,0.01,5,원재료성식품
깍두기,김치류,48.7,33.0,808.0,2.54,4.24,1.56,1.06,3,음식
깐쇼새우,튀김류,330.0,150.0,266.0,5.31,14.7,7.9,6.28,1,음식
깐풍기,튀김류,119.8,156.0,637.0,0.24,7.07,16.0,6.22,4,음식
깐풍새우,튀김류,100.0,240.0,531.0,7.2,20.56,8.15,13.86,1,음식
깨소금,조미료류,,638.0,,,13.7,18.1,56.7,1,원재료성식품
깨죽,죽 및 스프류,800.0,64.0,145.0,0.45,9.91,1.71,1.99,1,음식
깨찰빵,빵 및 과자류,,373.0,655.0,7.27,63.64,3.64,12.73,8,음식
깻잎김치,김치류,100.0,62.0,924.0,4.04,8.92,2.82,1.72,5,음식
깻잎나물,나물·숙채류,70.0,146.0,416.0,0.98,6.42,4.23,11.49,7,음식
깻잎나물볶음,나물·숙채류,200.0,103.0,521.0,0.3,5.75,3.75,7.2,1,음식
깻잎장아찌,장아찌·절임류,82.9,65.0,520.0,5.28,12.9,3.7,0.72,1,음식
깻잎전,전·적 및 부침류,109.4,241.0,320.0,0.71,9.7,11.82,17.18,4,음식
깻잎찜,찜류,45.0,97.0,792.0,1.33,5.96,5.21,5.86,6,음식
깻잎튀김,튀김류,32.8,238.0,552.0,0.09,20.56,7.0,13.75,3,음식
꺽저기,어패류 및 기타 수산물,,92.0,,0.1,0.1,19.5,1.0,1,원재료성식품
껌,과자류·빵류 또는 떡류,320.0,333.0,0.0,80.0,80.0,0.0,0.0,19,가공식품
껍질콩볶음,볶음류,150.0,98.0,207.0,2.53,9.35,3.3,5.08,1,음식
꼬리곰탕,국 및 탕류,585.0,67.0,182.0,0.21,2.96,3.9,4.11,3,음식
꼬막류,어패류 및 기타 수산물,,82.0,419.0,0.88,2.87,12.29,1.11,21,원재료성식품
꼬막무침,찜류,100.0,107.0,516.0,4.28,7.69,8.34,4.72,1,음식
꼬막찜,찜류,99.5,96.0,736.0,1.03,6.97,12.03,2.28,4,음식
꼬시래기류,해조류,,17.0,,5.9,6.2,1.8,0.2,1,원재료성식품
꼬치고기,어패류 및 기타 수산물,,152.0,120.0,,0.1,18.9,7.2,5,원재료성식품
꼬치구이,구이류,170.0,245.0,417.0,1.66,10.35,17.85,14.7,7,음식
꼬치구치,전·적 및 부침류,80.0,94.0,259.0,0.0,3.53,16.43,1.59,1,음식
꼴뚜기류,어패류 및 기타 수산물,,92.0,200.0,,0.84,16.63,1.91,19,원재료성식품
꼼치류,어패류 및 기타 수산물,,67.0,155.0,,0.02,14.95,0.4,10,원재료성식품
꽁치,수산가공식품류,400.0,185.0,410.0,0.0,0.75,11.0,15.0,34,가공식품
꽁치구이,구이류,100.0,196.0,279.0,0.0,2.81,21.64,10.1,3,음식
꽁치조림,조림류,97.5,244.0,350.0,4.05,5.14,15.52,17.87,10,음식
꽁치찌개,찌개 및 전골류,270.0,118.0,432.0,1.97,4.07,8.0,7.77,2,음식
꽁치튀김,튀김류,100.0,105.0,222.0,0.0,2.41,5.3,7.84,2,음식
꽃게 매운탕,찌개 및 전골류,232.9,31.0,169.0,0.59,1.3,5.7,0.27,1,음식
꽃게장,젓갈류,200.0,62.0,1089.0,4.21,6.04,7.02,1.1,3,음식
꽃게찜,찜류,800.0,52.0,217.0,0.91,5.1,5.9,1.33,1,음식
꽃게콩나물찜,찜류,800.0,52.0,209.0,0.91,5.1,5.86,1.34,1,음식
꽃게탕,찌개 및 전골류,448.0,26.0,384.0,1.14,2.47,2.58,0.62,6,음식
꽃송이버섯,버섯류,,173.0,3.0,0.44,61.65,19.59,2.34,4,원재료성식품
꽃양배추(콜리플라워),채소류,,27.0,13.0,2.28,4.84,2.17,0.48,2,원재료성식품
꽈리고추 오징어조림,조림류,87.7,135.0,388.0,3.45,6.39,14.3,5.67,1,음식
꽈리고추볶음,볶음류,78.6,79.0,467.0,1.45,5.6,8.0,2.74,8,음식
꽈리고추조림,조림류,80.0,57.0,460.0,1.24,4.7,7.1,1.21,1,음식
꽈리고추찜,찜류,100.0,104.0,316.0,0.44,17.69,3.59,2.09,3,음식
꾸지뽕,채소류,,85.0,7.0,3.07,19.18,5.06,0.51,4,원재료성식품
꿀,벌꿀 및 화분가공품류,250.0,331.0,4.0,82.1,82.4,0.3,0.0,13,가공식품
꿀떡,빵 및 과자류,100.0,228.0,275.0,0.29,49.48,3.74,1.73,1,음식
꿀차,음료 및 차류,,22.0,0.0,4.79,,0.0,,6,음식
꿀풀(하고초),채소류,,48.0,3.0,,11.9,1.6,0.2,2,원재료성식품
꿩고기,육류,,124.0,70.0,,0.0,27.5,0.8,2,원재료성식품
꿩불고기,구이류,500.0,74.0,253.0,3.38,7.94,6.7,1.7,1,음식
나도팽나무버섯,버섯류,,16.0,14.0,,5.7,2.4,0.0,2,원재료성식품
나박김치,김치류,100.0,10.0,377.0,0.34,1.15,0.46,0.38,1,음식
나베,찌개 및 전골류,1166.0,170.0,413.0,3.53,15.71,5.41,9.52,1,음식
나토,장류,136.5,187.0,361.0,1.96,12.61,14.57,8.7,43,가공식품
나폴리탄 스파게티,면 및 만두류,360.0,116.0,206.0,3.81,22.5,3.6,1.38,1,음식
낙지 덮밥,밥류,900.0,92.0,187.0,1.76,15.44,4.5,1.28,3,음식
낙지 비빔밥,밥류,900.0,88.0,176.0,1.25,14.72,4.3,1.31,3,음식
낙지 삼겹살 볶음,볶음류,255.0,151.0,341.0,1.88,3.73,9.1,10.55,1,음식
낙지무침,생채·무침류,150.0,77.0,340.0,0.14,3.96,12.41,1.24,3,음식
낙지볶음,볶음류,140.0,91.0,537.0,7.91,8.6,5.77,3.77,7,음식
낙지전골,찌개 및 전골류,430.0,88.0,725.0,3.19,12.88,5.47,1.64,3,음식
낙지찜,찜류,600.0,74.0,217.0,0.89,3.81,5.47,4.31,1,음식
낙지탕,국 및 탕류,600.0,31.0,284.0,0.32,1.73,4.9,0.53,1,음식
낙지탕(맑은탕),국 및 탕류,600.0,16.0,142.0,0.26,0.8,3.0,0.16,2,음식
난자완스,튀김류,200.0,173.0,352.0,0.25,9.57,10.81,10.17,3,음식
날개콩,채소류,,36.0,,,6.5,1.9,0.2,1,원재료성식품
날치,어패류 및 기타 수산물,,80.0,1210.0,,7.77,9.94,0.67,4,원재료성식품
납지리,어패류 및 기타 수산물,,86.0,,0.1,0.1,17.5,1.2,1,원재료성식품
내장전골,찌개 및 전골류,470.0,58.0,128.0,0.72,2.89,5.41,2.88,1,음식
내장탕,국 및 탕류,604.5,71.0,216.0,0.05,1.68,5.82,4.52,3,음식
냉국,국 및 탕류,350.0,6.0,327.0,0.69,0.85,0.37,0.15,2,음식
냉동과일,농산가공식품류,1000.0,61.0,1.0,10.0,14.0,0.7,0.3,86,가공식품
냉면,면 및 만두류,500.0,66.0,394.0,3.39,12.19,2.61,0.72,7,음식
냉이,채소류,,37.0,8.0,0.77,6.74,3.81,0.42,2,원재료성식품
냉이 된장국,국 및 탕류,235.0,16.0,178.0,0.46,2.11,1.4,0.4,4,음식
냉이나물,나물·숙채류,67.5,111.0,718.0,10.45,15.7,5.02,3.07,2,음식
냉이초나물,나물·숙채류,100.0,77.0,261.0,2.92,12.32,4.2,2.47,2,음식
냉채,생채·무침류,195.0,61.0,339.0,7.6,8.93,4.13,0.93,2,음식
넙치(광어)회덮밥,밥류,510.0,77.0,85.0,1.92,12.64,4.27,1.06,1,음식
넙치구이,구이류,114.8,116.0,615.0,0.0,0.03,13.6,6.33,2,음식
넙치류,어패류 및 기타 수산물,,139.0,49.0,0.0,0.0,22.36,3.28,36,원재료성식품
노각무침,생채·무침류,85.0,56.0,545.0,4.73,9.53,1.73,1.2,5,음식
노래미류,어패류 및 기타 수산물,,89.0,,0.8,0.8,17.5,1.3,3,원재료성식품
노루궁뎅이버섯,버섯류,,18.0,5.0,0.12,4.68,3.28,0.4,3,원재료성식품
녹두,두류,,158.0,2.0,0.0,26.66,11.29,0.67,2,원재료성식품
녹두 국수,두류,,344.0,14.0,0.0,87.5,0.2,0.4,1,원재료성식품
녹두묵,두류,,40.0,92.0,0.02,9.81,0.12,0.03,1,원재료성식품
녹두빈대떡,전·적 및 부침류,157.0,208.0,232.0,0.1,20.93,7.94,10.27,10,음식
녹두전,전·적 및 부침류,158.9,92.0,23.0,0.18,8.41,5.0,4.2,3,음식
녹차,음료 및 차류,,0.0,0.0,0.0,0.0,0.04,0.0,29,음식
놀래기류,어패류 및 기타 수산물,,98.0,,0.1,0.1,18.9,1.9,4,원재료성식품
농어류,어패류 및 기타 수산물,,96.0,,0.2,0.2,18.2,1.9,7,원재료성식품
농축음료/베이스,음료류,210.0,218.0,37.0,26.0,53.0,0.4,0.0,3817,가공식품
농후발효유,유가공품류,150.0,88.0,50.0,6.25,10.5,3.75,3.75,1657,가공식품
누룽지,밥류,350.0,69.0,13.0,1.15,15.06,1.32,0.1,2,음식
누리장나무잎,채소류,,65.0,,,12.7,4.5,1.0,1,원재료성식품
누에,기타,,482.0,79.0,0.0,10.06,50.85,26.53,1,원재료성식품
누치,어패류 및 기타 수산물,,105.0,,0.8,0.8,17.3,3.0,1,원재료성식품
눈볼대,어패류 및 기타 수산물,,144.0,,0.02,0.02,22.3,5.3,5,원재료성식품
눈퉁멸,어패류 및 기타 수산물,,138.0,,0.44,0.44,18.5,6.2,2,원재료성식품
느타리버섯,버섯류,,21.0,3.0,0.01,6.51,3.26,0.23,10,원재료성식품
느타리버섯 구이,구이류,90.9,60.0,372.0,1.53,5.75,2.1,4.44,1,음식
느타리버섯볶음,볶음류,75.4,87.0,453.0,3.24,7.69,3.61,4.66,7,음식
느타리버섯튀김,튀김류,60.3,227.0,552.0,0.33,19.17,6.4,13.64,3,음식
는쟁이냉이,채소류,,28.0,,,5.4,2.5,0.3,1,원재료성식품
능성어,어패류 및 기타 수산물,,93.0,,0.3,0.3,18.8,1.3,1,원재료성식품
능이버섯(향버섯),버섯류,,17.0,12.0,,5.9,2.2,0.1,1,원재료성식품
다랑어류,어패류 및 기타 수산물,,205.0,157.0,0.0,0.0,22.31,10.6,22,원재료성식품
다래,과일류,,67.0,2.0,,16.2,1.6,0.4,1,원재료성식품
다래나무순차,차류,,1.0,7.0,,0.1,0.1,0.0,1,원재료성식품
다슬기 된장국,국 및 탕류,300.0,22.0,136.0,0.44,2.48,2.1,0.67,3,음식
다슬기류,어패류 및 기타 수산물,,78.0,,5.7,5.7,11.6,0.6,14,원재료성식품
다시마류,해조류,,18.0,233.0,,7.08,1.42,0.24,11,원재료성식품
다시마무침,생채·무침류,64.2,48.0,2759.0,0.0,6.8,2.57,1.18,4,음식
다시마조림,조림류,47.5,61.0,518.0,0.97,7.02,3.1,3.39,2,음식
다시마튀각,튀김류,50.0,462.0,1305.0,17.24,47.32,8.44,26.52,3,음식
다식,빵 및 과자류,30.0,369.0,13.0,26.65,73.97,8.3,4.48,1,음식
다쿠아즈,빵 및 과자류,100.0,447.0,51.0,38.13,43.39,8.33,26.65,1,음식
단무지,장아찌·절임류,30.0,13.0,552.0,0.47,2.4,0.33,0.2,1,음식
단무지/피클,절임류 또는 조림류,500.0,17.0,490.0,0.46,3.48,0.47,0.08,709,가공식품
단무지무침,생채·무침류,40.0,40.0,858.0,1.4,5.6,1.0,1.6,5,음식
단팥빵,과자류·빵류 또는 떡류,100.0,285.0,230.0,20.0,52.0,7.0,6.0,365,가공식품
단호박 샐러드,생채·무침류,50.0,125.0,84.0,3.45,10.27,1.2,9.28,1,음식
단호박조림,조림류,100.0,71.0,815.0,4.39,15.18,2.2,0.94,3,음식
단호박찜,찜류,90.0,41.0,2.0,3.63,10.04,0.93,0.16,1,음식
달강어,어패류 및 기타 수산물,,91.0,90.0,,0.0,19.73,0.83,2,원재료성식품
달걀,수·조·어·육류,100.0,150.0,127.0,0.62,0.63,12.8,10.65,3,음식
달걀 샐러드,생채·무침류,159.5,165.0,181.0,0.83,5.49,6.0,13.17,3,음식
달걀/메추리알,알가공품류,700.0,130.0,280.0,0.0,2.0,12.0,8.2,539,가공식품
달걀국,국 및 탕류,205.0,13.0,246.0,0.0,0.69,0.93,0.74,6,음식
달걀말이,전·적 및 부침류,50.0,183.0,297.0,1.29,4.62,11.15,13.31,15,음식
달걀부침(달걀후라이),전·적 및 부침류,70.0,208.0,161.0,0.03,5.15,15.73,13.78,5,음식
달걀조림,조림류,79.8,84.0,511.0,2.77,4.63,6.9,3.9,4,음식
달걀찜,찜류,110.0,89.0,329.0,0.0,4.46,4.76,5.77,15,음식
달걀탕,국 및 탕류,350.0,29.0,101.0,0.0,0.94,1.78,2.04,1,음식
달걀튀김,튀김류,92.2,256.0,121.0,0.58,14.74,10.2,16.26,1,음식
달걀후라이,전·적 및 부침류,65.0,178.0,218.0,0.19,3.05,11.0,12.76,2,음식
달고기류,어패류 및 기타 수산물,,86.0,74.0,,0.0,19.38,0.5,8,원재료성식품
달래,채소류,,58.0,4.0,1.27,14.09,2.23,0.31,2,원재료성식품
달래 된장국,국 및 탕류,243.4,39.0,188.0,0.79,2.55,3.0,1.85,2,음식
달래무침,생채·무침류,98.6,63.0,567.0,3.83,6.07,2.92,3.02,6,음식
달팽이,기타,,90.0,70.0,0.0,2.0,16.1,1.4,1,원재료성식품
닭 부산물,육류,,199.0,66.0,0.0,0.0,17.64,13.27,10,원재료성식품
닭 육수,육류,,12.0,13.0,,0.0,1.3,0.7,1,원재료성식품
닭가슴살 샐러드,생채·무침류,300.0,37.0,56.0,1.21,2.03,4.1,1.36,3,음식
닭강정,튀김류,132.3,146.0,355.0,3.09,12.02,13.5,4.3,4,음식
닭고기,육류,,189.0,76.0,0.0,0.0,24.34,9.17,26,원재료성식품
닭고기 덮밥,밥류,490.4,97.0,120.0,0.92,16.4,5.3,0.7,4,음식
닭고기 미역국,국 및 탕류,280.0,21.0,191.0,0.01,0.71,3.2,0.74,4,음식
닭고기 샐러드,생채·무침류,58.6,109.0,359.0,1.08,3.17,8.6,6.85,3,음식
닭고기 탕수,튀김류,230.0,95.0,60.0,2.66,8.8,7.4,3.15,2,음식
닭고기냉채,생채·무침류,150.0,72.0,21.0,3.23,5.72,10.8,0.92,3,음식
닭고기육개장,국 및 탕류,315.0,28.0,141.0,0.4,1.52,2.64,1.32,4,음식
닭곰탕,국 및 탕류,280.0,51.0,170.0,0.3,2.0,7.51,1.42,5,음식
닭구이,구이류,230.0,257.0,751.0,0.0,7.8,26.21,13.39,6,음식
닭기름,유지류,,900.0,0.0,0.0,0.0,0.0,99.8,1,원재료성식품
닭껍데기튀김,튀김류,,616.0,938.0,0.67,,20.42,,1,음식
닭꼬치구이,구이류,90.0,181.0,122.0,3.8,5.55,32.1,2.58,1,음식
닭날개구이,구이류,105.0,121.0,250.0,1.49,3.77,11.12,6.51,4,음식
닭다리구이,구이류,141.2,201.0,423.0,0.73,,20.6,,6,음식
닭다리조림,조림류,83.8,182.0,156.0,3.22,9.19,14.0,8.86,2,음식
닭다리튀김,튀김류,200.0,323.0,410.0,3.71,17.88,18.86,19.6,6,음식
닭도리탕,조림류,268.6,78.0,166.0,1.55,5.6,6.51,3.34,4,음식
닭모래집볶음,볶음류,150.0,176.0,364.0,2.73,2.82,28.11,5.8,2,음식
닭모래집튀김,튀김류,150.0,312.0,215.0,1.2,19.4,18.73,17.73,4,음식
닭발 육수,육류,,4.0,20.0,0.0,0.0,0.25,0.28,1,원재료성식품
닭발구이,구이류,220.0,196.0,827.0,0.31,9.7,18.15,9.41,6,음식
닭발볶음,볶음류,200.0,186.0,974.0,6.37,11.72,13.8,9.38,1,음식
닭발튀김,튀김류,,448.0,783.0,1.88,,17.63,,1,음식
닭백숙,국 및 탕류,440.3,56.0,49.0,0.37,4.49,4.23,2.11,2,음식
닭볶음,볶음류,280.0,137.0,270.0,3.65,12.63,14.7,3.01,1,음식
닭볶음(닭갈비),볶음류,220.0,149.0,384.0,5.3,11.23,11.48,6.45,14,음식
닭볶음탕,조림류,777.0,107.0,359.0,4.29,10.62,6.66,4.21,2,음식
닭조림,조림류,235.0,152.0,290.0,2.04,13.25,9.12,6.94,6,음식
닭죽,죽 및 스프류,255.7,44.0,117.0,0.0,7.14,2.68,0.57,8,음식
닭찜,찜류,229.8,91.0,364.0,4.45,9.3,7.61,2.59,12,음식
닭튀김,튀김류,564.0,301.0,415.0,0.5,16.27,21.73,16.57,251,음식
닭튀김 샐러드,생채·무침류,300.0,79.0,102.0,1.0,3.98,3.8,5.3,4,음식
당귀,채소류,,43.0,3.0,,8.8,3.2,0.4,2,원재료성식품
당근,채소류,,31.0,16.0,2.39,7.01,0.97,0.13,2,원재료성식품
당근볶음,볶음류,90.0,95.0,216.0,4.5,7.79,0.93,6.63,1,음식
당류가공품,당류,312.0,299.0,14.0,53.78,74.04,0.33,0.17,2644,가공식품
당면,면류,350.0,344.0,10.0,0.0,85.0,0.0,0.0,887,가공식품
당밀,당류,,274.0,10.0,,68.2,0.2,0.0,1,원재료성식품
대구 매운탕,찌개 및 전골류,300.0,41.0,200.0,1.1,2.72,6.7,0.53,5,음식
대구류,어패류 및 기타 수산물,,90.0,97.0,0.0,0.0,18.2,0.43,36,원재료성식품
대구볼찜,찜류,640.0,45.0,143.0,1.09,5.37,4.23,1.23,1,음식
대구지리,찌개 및 전골류,343.0,19.0,187.0,0.16,1.06,3.4,0.26,4,음식
대구찜,찜류,191.0,75.0,380.0,1.14,4.94,10.34,1.58,3,음식
대구탕,찌개 및 전골류,760.5,45.0,285.0,1.34,5.03,4.7,0.89,1,음식
대구튀김,튀김류,82.9,285.0,1367.0,0.02,13.28,27.0,12.5,1,음식
대구포,수·조·어·육류,100.0,141.0,3876.0,0.0,2.33,31.97,0.4,1,음식
대나무,기타,,2.0,13.0,,0.2,0.0,0.1,1,원재료성식품
대두어(흑연),어패류 및 기타 수산물,,96.0,,0.5,0.5,17.5,2.1,1,원재료성식품
대수리,어패류 및 기타 수산물,,112.0,,1.9,1.9,18.8,2.6,1,원재료성식품
대창구이,구이류,100.0,595.0,126.0,1.13,4.05,9.11,60.25,1,음식
대추,과일류,,105.0,1.0,24.34,27.56,1.45,0.1,2,원재료성식품
대추야자,과일류,,281.0,,59.0,71.3,2.2,0.2,1,원재료성식품
대추차,음료 및 차류,,53.0,5.0,11.73,,0.0,,7,음식
대합 미역국,국 및 탕류,273.9,7.0,76.0,0.04,0.67,0.7,0.22,2,음식
대합류,어패류 및 기타 수산물,,62.0,,1.0,1.0,12.0,0.8,4,원재료성식품
대합죽,죽 및 스프류,229.5,136.0,199.0,0.1,21.76,3.2,3.49,2,음식
대황,해조류,,23.0,782.0,,7.46,2.52,0.58,2,원재료성식품
더덕,채소류,,47.0,1.0,1.68,9.58,2.23,0.85,5,원재료성식품
더덕구이,구이류,100.0,184.0,743.0,11.6,31.1,3.1,5.2,3,음식
더덕무침,생채·무침류,56.4,144.0,831.0,13.47,28.93,2.87,1.87,4,음식
더덕장아찌,장아찌·절임류,70.0,141.0,1167.0,15.38,28.9,4.47,0.89,2,음식
덩어리엿,당류,275.0,371.0,22.0,43.0,92.0,0.85,0.14,6,가공식품
덮밥,밥류,440.0,136.0,324.0,0.6,20.59,5.84,3.35,11,음식
도가니탕,국 및 탕류,500.0,40.0,150.0,0.0,0.82,8.35,0.33,1,음식
도넛,빵 및 과자류,70.0,446.0,386.0,17.54,50.88,5.26,24.56,285,음식
도다리구이,구이류,79.2,153.0,1039.0,0.0,0.71,23.7,5.5,1,음식
도다리류,어패류 및 기타 수산물,,86.0,67.0,,0.0,19.52,0.36,3,원재료성식품
도도바리류,어패류 및 기타 수산물,,95.0,,0.48,0.48,19.42,1.2,1,원재료성식품
도라지,채소류,,51.0,1.0,1.81,10.69,2.38,0.84,6,원재료성식품
도라지나물,나물·숙채류,88.3,39.0,333.0,0.43,4.76,0.7,2.09,4,음식
도라지나물무침,나물·숙채류,50.0,130.0,411.0,0.9,13.12,2.48,7.52,1,음식
도라지생채,생채·무침류,69.9,119.0,522.0,9.6,24.52,2.75,1.11,12,음식
도라지차,차류,,22.0,7.0,,5.1,0.3,,1,원재료성식품
도라지튀김,튀김류,64.4,179.0,507.0,1.33,19.21,5.7,8.61,2,음식
도루묵,어패류 및 기타 수산물,,113.0,,0.45,0.45,16.05,4.6,2,원재료성식품
도루묵조림,조림류,123.2,101.0,196.0,1.53,5.51,11.2,3.08,2,음식
도루묵찌개,찌개 및 전골류,494.0,63.0,62.0,1.3,4.04,6.8,2.31,1,음식
도미 매운탕,찌개 및 전골류,297.0,47.0,351.0,1.08,3.37,5.9,1.13,1,음식
도미찜,찜류,226.7,52.0,85.0,0.92,3.22,7.9,0.91,1,음식
도미튀김,튀김류,61.8,301.0,1720.0,0.02,18.9,25.9,12.22,1,음식
도시락,즉석식품류,363.0,157.0,321.0,2.61,22.17,6.52,4.78,3224,가공식품
도토리,견과 및 종실류,,348.0,3.0,,79.5,3.3,1.6,4,원재료성식품
도토리 국수,견과 및 종실류,,343.0,517.0,,72.2,12.4,0.7,1,원재료성식품
도토리묵,견과 및 종실류,,47.0,76.0,0.0,11.23,0.33,0.11,2,원재료성식품
도토리묵무침,생채·무침류,100.0,60.0,322.0,2.09,11.66,1.28,1.2,7,음식
도화돔,어패류 및 기타 수산물,,130.0,,0.0,0.0,21.3,4.3,1,원재료성식품
돈가스,튀김류,100.0,312.0,287.0,1.83,19.24,16.5,18.77,11,음식
돌나물,생채·무침류,90.0,42.0,193.0,4.13,8.47,0.96,0.92,3,음식
돌나물무침,생채·무침류,70.0,69.0,360.0,5.26,8.3,1.66,3.18,4,음식
돌솥 비빔밥,밥류,575.0,101.0,93.0,1.05,17.46,3.4,1.78,2,음식
돌솥비빔밥,밥류,550.0,86.0,116.0,1.23,13.99,2.81,2.07,1,음식
돔류,어패류 및 기타 수산물,,107.0,,0.1,0.1,19.8,2.5,54,원재료성식품
동가리류,어패류 및 기타 수산물,,106.0,,0.1,0.1,19.8,2.3,3,원재료성식품
동갈치,어패류 및 기타 수산물,,97.0,,0.42,0.42,19.78,1.3,1,원재료성식품
동부,두류,,166.0,2.0,0.21,29.34,9.51,1.02,5,원재료성식품
동사리,어패류 및 기타 수산물,,81.0,,0.0,0.0,16.9,1.0,1,원재료성식품
동아,채소류,,15.0,1.0,,3.7,0.6,0.1,2,원재료성식품
동자개,어패류 및 기타 수산물,,117.0,48.0,,0.0,17.71,4.47,10,원재료성식품
동죽,어패류 및 기타 수산물,,55.0,174.0,,1.94,10.19,0.46,2,원재료성식품
동충하초,버섯류,,27.0,23.0,0.33,7.07,5.56,0.38,2,원재료성식품
동치미,김치류,150.0,11.0,472.0,1.19,2.08,0.49,0.07,2,음식
동태 매운탕,찌개 및 전골류,610.0,25.0,184.0,0.54,1.98,3.3,0.5,2,음식
동태국,국 및 탕류,298.4,17.0,224.0,0.0,1.4,2.42,0.16,5,음식
동태까스,튀김류,90.0,273.0,385.0,2.61,19.42,11.6,15.64,1,음식
동태양념구이,구이류,75.2,130.0,641.0,0.29,1.59,21.7,3.56,1,음식
동태전,전·적 및 부침류,70.0,195.0,318.0,0.26,6.11,16.48,11.63,5,음식
동태조림,조림류,230.0,110.0,557.0,4.08,6.96,16.32,1.88,3,음식
동태찌개,찌개 및 전골류,221.0,44.0,273.0,0.13,1.72,6.11,1.37,5,음식
동태찜,찜류,366.1,79.0,397.0,1.14,5.16,10.18,1.94,2,음식
동태튀김,튀김류,120.9,147.0,819.0,0.02,8.41,10.7,7.15,2,음식
동파육,찜류,100.0,191.0,299.0,0.74,4.15,8.99,15.41,1,음식
돼지 부산물,육류,,157.0,40.0,0.0,0.09,21.4,7.26,22,원재료성식품
돼지갈비강정,튀김류,88.2,244.0,502.0,3.85,20.4,13.0,11.52,2,음식
돼지갈비구이,구이류,150.0,240.0,405.0,4.5,8.1,19.5,14.4,8,음식
돼지갈비전골,찌개 및 전골류,85.8,227.0,332.0,3.24,5.07,16.6,15.14,1,음식
돼지갈비찜,찜류,250.0,120.0,414.0,6.11,8.8,10.12,4.91,15,음식
돼지감자,감자 및 전분류,,39.0,2.0,0.0,17.16,2.23,0.11,3,원재료성식품
돼지고기,찜류,100.0,164.0,62.0,0.2,1.56,29.36,4.44,3,음식
돼지고기 꼬치구이,구이류,105.0,171.0,116.0,1.79,2.89,27.7,4.74,3,음식
돼지고기 덮밥,밥류,330.0,168.0,141.0,2.03,25.91,8.0,3.12,1,음식
돼지고기 스테이크,구이류,90.0,113.0,372.0,2.49,5.55,13.5,3.61,4,음식
돼지고기 장조림,조림류,55.0,133.0,349.0,2.67,5.93,15.4,4.84,6,음식
돼지고기 피망잡채,볶음류,170.0,91.0,268.0,2.09,5.1,9.7,3.5,2,음식
돼지고기강정,튀김류,119.8,174.0,515.0,1.96,8.36,14.7,8.47,4,음식
돼지고기덮밥,밥류,330.0,165.0,143.0,1.91,26.17,7.92,2.72,1,음식
돼지고기볶음,볶음류,200.0,175.0,526.0,4.1,9.11,11.48,10.33,29,음식
돼지고기볶음(제육볶음),볶음류,250.0,195.0,501.0,0.38,4.73,12.15,14.19,1,음식
돼지고기찌개,찌개 및 전골류,360.0,49.0,461.0,2.57,5.28,4.32,1.13,6,음식
돼지고기찜,찜류,250.0,109.0,220.0,2.09,8.89,10.82,3.25,1,음식
돼지고기튀김,튀김류,73.4,222.0,513.0,0.02,6.24,20.9,11.67,1,음식
돼지기름,유지류,,915.0,17.0,0.0,0.58,0.0,99.38,1,원재료성식품
돼지껍데기구이,구이류,100.0,348.0,475.0,3.42,3.37,23.74,26.64,1,음식
돼지등갈비찜,찜류,450.0,214.0,532.0,5.36,12.76,16.02,10.93,1,음식
돼지등심 장조림,조림류,88.0,117.0,414.0,3.53,5.24,15.4,2.95,2,음식
돼지머리국밥,밥류,870.5,68.0,100.0,0.22,11.03,2.2,1.48,2,음식
돼지불고기,구이류,300.0,191.0,410.0,4.71,13.82,10.62,10.31,13,음식
돼지사태찜,찜류,177.3,84.0,207.0,2.76,7.02,7.6,2.65,4,음식
된장,장류,500.0,165.0,4320.0,9.0,19.0,13.0,4.1,425,가공식품
된장국,국 및 탕류,270.0,22.0,339.0,0.29,2.44,1.49,0.69,43,음식
된장찌개,찌개 및 전골류,258.6,35.0,570.0,0.41,3.81,3.18,0.79,33,음식
두류가공품,농산가공식품류,300.0,149.0,81.0,1.7,10.8,13.8,6.8,1285,가공식품
두릅,채소류,,32.0,2.0,0.0,5.81,3.49,0.28,12,원재료성식품
두릅무침,생채·무침류,87.6,67.0,205.0,4.54,7.89,2.16,3.01,2,음식
두리안,과일류,,140.0,,,27.1,2.3,3.3,1,원재료성식품
두부,두부류 또는 묵류,400.0,85.0,3.0,0.31,3.0,8.0,4.56,1087,가공식품
두부 달걀찜,찜류,125.0,75.0,142.0,0.49,3.05,6.2,4.06,3,음식
두부 달걀탕,국 및 탕류,235.3,45.0,230.0,0.1,1.58,4.7,2.11,3,음식
두부 된장국,국 및 탕류,260.0,25.0,203.0,0.41,1.78,2.5,0.92,7,음식
두부 명란찌개,찌개 및 전골류,170.6,33.0,238.0,0.66,2.72,3.5,1.07,1,음식
두부 애호박찌개,찌개 및 전골류,234.6,27.0,61.0,0.88,3.6,2.0,0.62,1,음식
두부 청국장찌개,찌개 및 전골류,240.0,34.0,171.0,0.68,3.09,2.8,1.12,6,음식
두부 탕수,튀김류,100.4,123.0,192.0,3.26,15.13,4.5,4.82,3,음식
두부국,국 및 탕류,246.9,19.0,185.0,0.22,1.25,1.8,0.83,4,음식
두부김치,볶음류,250.0,115.0,396.0,0.59,5.63,7.79,6.85,5,음식
두부냉채,생채·무침류,150.0,77.0,303.0,1.25,4.39,8.7,2.81,3,음식
두부볶음,볶음류,113.4,197.0,246.0,3.68,13.12,12.4,10.52,2,음식
두부부침,전·적 및 부침류,100.0,140.0,429.0,0.24,2.07,10.92,9.77,6,음식
두부전,전·적 및 부침류,150.0,170.0,211.0,0.02,5.0,13.64,10.58,5,음식
두부전골,찌개 및 전골류,435.0,63.0,330.0,0.7,3.42,5.12,3.22,2,음식
두부조림,조림류,74.8,143.0,161.0,3.64,4.4,9.64,9.66,7,음식
두부찌개,찌개 및 전골류,259.8,55.0,297.0,0.72,3.5,5.71,1.98,10,음식
두부튀김,튀김류,116.1,122.0,264.0,0.87,9.65,6.4,6.22,4,음식
두유,음료류,199.5,47.6,64.8,2.01,4.51,3.01,1.81,756,가공식품
두유 카페라떼,음료 및 차류,355.0,30.0,32.0,1.34,2.12,1.4,1.76,2,음식
두충차,차류,,354.0,31.0,,67.9,14.3,3.8,1,원재료성식품
둑중개,어패류 및 기타 수산물,,120.0,90.0,,0.2,15.8,5.8,3,원재료성식품
둥굴레,채소류,,52.0,9.0,,11.7,3.4,0.2,2,원재료성식품
둥굴레차,차류,,1.0,0.0,0.0,0.27,0.0,0.01,1,원재료성식품
드렁허리,어패류 및 기타 수산물,,92.0,,0.0,0.0,17.9,1.7,1,원재료성식품
드레싱,조미식품,340.0,222.0,789.0,13.06,16.78,0.23,17.1,532,가공식품
들기름,식용유지류,230.0,907.6,0.0,0.0,0.0,0.0,100.0,689,가공식품
들깨,채소류,,37.0,1.0,0.0,6.07,4.37,0.55,6,원재료성식품
들깨국,국 및 탕류,190.0,15.0,155.0,0.41,1.68,0.68,0.77,3,음식
들깨죽,죽 및 스프류,170.8,152.0,630.0,0.25,21.16,3.7,5.83,2,음식
들깻잎장아찌,장아찌·절임류,100.0,124.0,1809.0,16.41,26.0,4.03,0.42,1,음식
등심돈가스,튀김류,108.9,174.0,250.0,1.61,14.56,13.8,5.89,3,음식
딸기,과일류,,33.0,1.0,6.14,8.15,0.75,0.14,5,원재료성식품
딸기넥타,음료 및 차류,355.0,31.0,6.0,6.39,7.96,0.4,0.09,1,음식
딸기바나나 스무디,음료 및 차류,355.0,54.0,11.0,9.34,11.75,1.1,0.68,3,음식
땅콩,견과 및 종실류,,567.0,4.0,5.18,19.91,28.5,46.24,8,원재료성식품
땅콩기름,유지류,,884.0,0.0,0.0,0.0,0.0,100.0,1,원재료성식품
땅콩기름(낙화생유),식용유지류,680.0,900.0,0.0,0.0,0.0,0.0,100.0,29,가공식품
땅콩버터,농산가공식품류,250.0,625.0,10.0,5.0,23.0,26.0,48.0,422,가공식품
땅콩조림,조림류,17.5,483.0,574.0,9.85,19.95,18.75,36.4,4,음식
땅콩죽,죽 및 스프류,198.1,147.0,163.0,0.48,24.97,3.9,3.29,3,음식
때죽,견과 및 종실류,,551.0,,,31.8,13.6,44.7,1,원재료성식품
떡,과자류·빵류 또는 떡류,160.0,229.0,233.0,5.69,50.38,3.96,1.26,6161,가공식품
떡갈비,구이류,200.0,202.0,404.0,0.4,2.46,21.38,11.82,1,음식
떡강정,튀김류,151.6,249.0,446.0,5.34,47.89,3.79,4.72,8,음식
떡국,면 및 만두류,600.0,84.0,176.0,0.08,16.37,3.43,0.53,15,음식
떡만두국,면 및 만두류,600.0,111.0,206.0,0.01,15.47,3.53,3.91,11,음식
떡볶이,볶음류,185.0,158.0,479.0,4.47,28.62,5.25,2.55,56,음식
떡산적,전·적 및 부침류,125.2,157.0,418.0,2.92,18.95,9.0,5.16,4,음식
떡조개,어패류 및 기타 수산물,,87.0,,7.4,7.4,11.2,1.0,2,원재료성식품
또띠아,빵 및 과자류,,228.0,481.0,2.0,28.0,11.0,8.0,25,음식
또띠아/난,과자류·빵류 또는 떡류,357.0,294.0,494.0,1.75,48.39,8.03,7.61,188,가공식품
뜸부기,해조류,,128.0,,46.8,52.1,6.1,2.5,1,원재료성식품
라떼,음료 및 차류,100.0,67.0,27.0,7.9,8.87,1.78,2.63,988,음식
라멘,면 및 만두류,100.0,89.0,388.0,1.1,11.36,4.57,2.77,5,음식
라면,면 및 만두류,570.0,99.0,352.0,0.15,13.33,2.8,3.83,30,음식
라면과자,면류,90.0,464.0,945.0,3.64,69.09,9.09,16.36,32,가공식품
라벤다,조미료류,,330.0,35.0,,63.3,12.6,8.7,1,원재료성식품
라볶이,볶음류,475.0,134.0,311.0,0.94,20.14,2.83,4.71,3,음식
라이마빈스,두류,,122.0,0.0,0.5,26.0,9.6,0.9,2,원재료성식품
라이스페이퍼,면류,300.0,340.0,320.0,0.0,83.0,1.0,0.3,137,가공식품
라임,과일류,,30.0,2.0,1.69,10.54,0.7,0.2,1,원재료성식품
라임 주스,과일류,,25.0,2.0,1.69,8.42,0.42,0.07,1,원재료성식품
라조기,튀김류,198.0,199.0,324.0,0.08,13.12,10.33,11.75,3,음식
라즈베리,과일류,,56.0,4.0,6.54,12.55,1.15,0.81,2,원재료성식품
런천미트구이,구이류,42.8,303.0,954.0,1.71,3.27,17.56,24.38,5,음식
레몬,과일류,,36.0,2.0,1.87,9.27,0.71,0.08,1,원재료성식품
레몬그라스(시트로넬라),조미료류,,99.0,6.0,,25.31,1.82,0.49,1,원재료성식품
레몬차,음료 및 차류,,41.0,15.0,8.51,10.14,0.0,0.0,51,음식
레몬청차,음료 및 차류,100.0,60.0,3.0,16.33,14.8,0.13,0.01,1,음식
레몬홍차,음료 및 차류,,23.0,0.0,5.29,,0.01,,5,음식
렌즈콩(렌틸콩),두류,,359.0,0.0,1.3,65.42,21.01,1.43,3,원재료성식품
로열젤리,기타,,104.0,12.0,12.04,12.82,14.29,1.4,1,원재료성식품
로열젤리제품,벌꿀 및 화분가공품류,80.0,145.0,11.0,11.9,16.5,14.5,2.4,3,가공식품
로즈마리,조미료류,,331.0,50.0,,64.06,4.88,15.22,1,원재료성식품
롤빵,빵 및 과자류,,306.0,100.0,16.88,26.25,5.63,20.0,17,음식
롱안,과일류,,60.0,0.0,,15.14,1.31,0.1,2,원재료성식품
루꼴라,채소류,,26.0,13.0,0.97,4.2,3.17,0.43,1,원재료성식품
리소토/리조또,밥류,849.5,187.0,253.0,2.09,15.9,3.11,12.29,5,음식
리치,과일류,,56.0,2.0,12.21,14.47,0.85,0.08,2,원재료성식품
리큐르,주류,430.0,34.0,1.0,1.92,2.21,0.03,0.04,2,가공식품
리크,채소류,,28.0,2.0,2.6,6.8,1.3,0.1,2,원재료성식품
마,감자 및 전분류,,45.0,3.0,2.22,9.55,1.56,0.28,4,원재료성식품
마가린,식용유지류,500.0,730.0,300.0,0.0,1.0,0.0,80.0,80,가공식품
마가목 열매,과일류,,115.0,,,25.5,1.3,0.8,1,원재료성식품
마늘,채소류,,129.0,5.0,0.0,26.23,7.88,0.19,17,원재료성식품
마늘빵,빵 및 과자류,50.0,352.0,438.0,16.19,52.38,6.67,11.43,6,음식
마늘장아찌,장아찌·절임류,100.0,113.0,1127.0,15.03,25.36,2.43,0.16,1,음식
마늘장아찌무침,생채·무침류,40.0,99.0,805.0,11.66,21.85,1.88,0.7,1,음식
마늘종,채소류,,53.0,1.0,5.46,13.39,1.86,0.06,2,원재료성식품
마늘쫑무침,생채·무침류,45.3,106.0,313.0,7.47,12.77,2.73,4.93,4,음식
마늘쫑볶음,볶음류,70.5,117.0,505.0,5.7,15.42,7.54,2.78,15,음식
마늘쫑장아찌,장아찌·절임류,50.0,118.0,1410.0,13.02,27.34,1.96,0.14,3,음식
마늘쫑장아찌무침,생채·무침류,50.0,79.0,706.0,8.48,17.7,1.3,0.58,4,음식
마늘쫑조림,조림류,48.0,217.0,956.0,10.19,31.38,4.9,10.6,2,음식
마들렌,과자류·빵류 또는 떡류,50.0,439.0,150.0,23.76,50.31,5.96,23.76,664,가공식품
마라탕,찌개 및 전골류,486.5,88.0,425.0,1.92,5.72,4.64,5.15,2,음식
마름,견과 및 종실류,,183.0,5.0,1.6,40.6,5.8,0.5,1,원재료성식품
마시멜로,과자류·빵류 또는 떡류,145.0,341.0,41.0,53.5,81.7,3.6,0.0,413,가공식품
마요네즈,조미식품,300.0,620.0,690.0,2.0,2.0,1.0,68.0,153,가공식품
마카로니 샐러드,생채·무침류,170.0,138.0,125.0,2.75,13.76,2.4,7.98,4,음식
마카롱,빵 및 과자류,100.0,438.0,62.0,44.0,56.0,4.5,21.5,187,음식
마카롱/다쿠아즈,과자류·빵류 또는 떡류,90.0,439.0,61.0,38.8,56.66,6.46,20.76,1544,가공식품
마타리,채소류,,45.0,,,10.9,2.1,0.1,1,원재료성식품
마테차,음료 및 차류,,2.0,0.0,0.11,0.28,0.06,0.04,7,음식
마파두부,볶음류,100.0,129.0,366.0,2.02,4.62,7.42,9.0,6,음식
막걸리,주류,750.0,43.0,1.0,0.2,0.9,1.3,0.1,11,가공식품
막국수,면 및 만두류,632.4,83.0,363.0,1.74,15.71,3.4,0.71,3,음식
막창구이,구이류,100.0,358.0,162.0,1.36,0.4,15.34,32.73,1,음식
만가닥버섯,버섯류,,19.0,2.0,0.11,6.07,2.73,0.35,2,원재료성식품
만두,면 및 만두류,220.0,187.0,423.0,0.67,23.82,8.13,6.59,6,음식
만두국,면 및 만두류,600.0,87.0,333.0,0.06,8.94,3.74,4.0,9,음식
만두전골,찌개 및 전골류,935.5,57.0,250.0,0.7,5.55,3.61,2.23,2,음식
만두탕수,면 및 만두류,382.2,88.0,118.0,1.69,11.38,3.0,3.38,4,음식
만두피,즉석식품류,310.0,275.0,250.0,2.0,58.0,8.0,1.0,48,가공식품
만새기,어패류 및 기타 수산물,,66.0,,0.0,0.0,13.3,1.1,2,원재료성식품
만쥬,과자류·빵류 또는 떡류,100.0,306.0,171.0,29.55,60.2,6.87,4.16,271,가공식품
말고기,육류,,102.0,50.0,,0.3,20.1,2.5,1,원재료성식품
맛살전,전·적 및 부침류,91.6,165.0,559.0,1.14,19.69,7.48,6.24,5,음식
맛조개,어패류 및 기타 수산물,,95.0,,2.5,2.5,16.1,1.8,4,원재료성식품
망고,과일류,,61.0,0.0,13.66,15.97,0.72,0.1,2,원재료성식품
망고스틴,과일류,,71.0,1.0,,17.5,0.6,0.2,1,원재료성식품
망둑어류,어패류 및 기타 수산물,,90.0,,0.3,0.3,18.7,1.1,3,원재료성식품
망둥어찌개,찌개 및 전골류,298.8,44.0,483.0,1.08,3.4,5.9,0.85,1,음식
망둥어찜,찜류,175.5,52.0,202.0,0.68,2.96,8.5,0.7,1,음식
망상어류,어패류 및 기타 수산물,,133.0,,0.4,0.4,21.8,4.2,2,원재료성식품
매생이,해조류,,125.0,,35.4,40.6,20.6,0.5,7,원재료성식품
매생이국,국 및 탕류,500.0,24.0,284.0,0.08,2.68,2.0,0.56,1,음식
매실,과일류,,26.0,2.0,2.76,6.24,0.94,0.77,4,원재료성식품
매실 절임,과일류,,29.0,7200.0,0.9,8.6,0.9,0.7,2,원재료성식품
매실장아찌,장아찌·절임류,30.0,65.0,3728.0,7.87,11.03,1.27,1.77,2,음식
매운 어묵볶음,볶음류,100.0,90.0,397.0,2.38,11.02,5.1,2.93,4,음식
매운탕,찌개 및 전골류,600.0,43.0,345.0,0.52,2.32,6.85,0.71,16,음식
매작과,빵 및 과자류,30.0,413.0,99.0,16.42,66.11,7.51,13.15,1,음식
매퉁이류,어패류 및 기타 수산물,,97.0,,0.1,0.1,20.0,1.3,4,원재료성식품
맥주,주류,500.0,25.0,0.0,0.0,0.9,0.0,0.0,11,가공식품
맵쌀 국수,곡류,,132.0,23.0,0.0,28.37,2.59,0.29,1,원재료성식품
머루,과일류,,79.0,0.0,7.39,18.32,1.51,0.94,4,원재료성식품
머루씨,견과 및 종실류,,282.0,3.0,,54.0,6.3,4.8,1,원재료성식품
머위,채소류,,28.0,5.0,1.81,5.2,2.44,0.44,5,원재료성식품
머위나물,나물·숙채류,60.0,30.0,731.0,0.19,3.05,2.2,1.42,3,음식
머위나물무침,나물·숙채류,100.0,85.0,452.0,0.44,2.49,1.62,7.66,1,음식
머위나물볶음,볶음류,150.0,72.0,479.0,1.2,5.07,2.33,4.67,1,음식
머위대나물무침,나물·숙채류,50.0,58.0,363.0,0.34,4.76,3.96,2.56,1,음식
머핀,빵 및 과자류,130.0,418.0,210.0,17.4,42.0,6.5,24.9,60,음식
먹장어,어패류 및 기타 수산물,,129.0,,0.4,0.4,16.9,6.0,1,원재료성식품
멍게류,어패류 및 기타 수산물,,52.0,,2.06,2.06,7.54,1.25,13,원재료성식품
메기,어패류 및 기타 수산물,,124.0,55.0,,0.11,17.23,5.4,6,원재료성식품
메기 매운탕,찌개 및 전골류,760.0,59.0,264.0,0.69,7.39,4.0,1.46,1,음식
메기찜,찜류,528.2,71.0,150.0,0.77,5.37,7.3,2.33,1,음식
메뚜기,기타,,125.0,49.0,0.0,1.86,24.29,2.26,1,원재료성식품
메밀,곡류,,363.0,1.0,0.3,67.84,13.64,3.38,3,원재료성식품
메밀 국수,곡류,,291.0,455.0,0.0,61.14,7.59,0.96,4,원재료성식품
메밀 냉면,곡류,,141.0,68.0,0.0,28.71,4.22,0.59,2,원재료성식품
메밀국수,면 및 만두류,350.0,63.0,194.0,0.0,12.06,3.14,0.29,1,음식
메밀국수/냉면국수,면류,800.0,243.0,412.0,1.18,51.61,6.67,1.06,1119,가공식품
메밀묵,곡류,,54.0,132.0,0.0,11.77,1.11,0.41,2,원재료성식품
메밀묵 무침,생채·무침류,144.5,65.0,249.0,1.46,12.05,1.6,1.27,2,음식
메밀묵국,국 및 탕류,103.5,61.0,231.0,1.38,11.26,1.5,1.22,4,음식
메밀소바,면 및 만두류,657.0,146.0,310.0,3.06,21.44,5.68,4.22,2,음식
메밀전,전·적 및 부침류,180.0,161.0,145.0,0.3,34.79,4.02,0.64,1,음식
메주,장류,544.0,448.0,4.0,0.76,30.3,41.0,18.1,42,가공식품
메추리고기,육류,,194.0,35.0,,0.1,20.5,12.9,1,원재료성식품
메추리알,난류,,155.0,94.0,0.0,1.67,12.48,10.12,6,원재료성식품
메추리알 돼지고기장조림,조림류,125.0,116.0,319.0,1.81,4.75,11.3,5.37,4,음식
메추리알 어묵조림,조림류,67.2,227.0,1141.0,10.22,22.09,13.3,9.37,3,음식
메추리알장조림,조림류,64.0,151.0,983.0,2.55,8.89,11.3,6.79,4,음식
멕시컨샐러드,생채·무침류,166.1,93.0,316.0,1.74,3.2,4.6,7.07,3,음식
멘보샤,튀김류,100.0,289.0,696.0,1.0,13.22,10.52,21.6,3,음식
멜론,과일류,,40.0,13.0,8.08,9.64,1.5,0.04,3,원재료성식품
멥쌀,곡류,,358.0,2.0,0.92,76.98,6.88,2.0,81,원재료성식품
멥쌀 국수,곡류,,340.0,1964.0,,72.6,9.1,1.5,1,원재료성식품
멥쌀밥,곡류,,160.0,1.0,0.2,36.7,2.6,0.5,24,원재료성식품
멧돼지고기,육류,,249.0,45.0,,0.5,18.8,19.8,2,원재료성식품
면실유,유지류,,883.0,0.0,,0.0,0.0,100.0,1,원재료성식품
멸치,어패류 및 기타 수산물,,127.0,,0.34,0.34,17.7,5.4,28,원재료성식품
멸치 미역국,국 및 탕류,320.0,9.0,375.0,0.0,0.71,1.1,0.38,1,음식
멸치볶음,볶음류,50.0,262.0,1378.0,7.15,17.03,23.25,11.2,14,음식
멸치볶음(멸치만),볶음류,80.0,114.0,770.0,1.72,5.15,14.9,3.41,1,음식
멸치젓,젓갈류,5.0,90.0,6667.0,0.6,7.4,11.4,1.6,1,음식
멸치조림,조림류,60.0,318.0,3163.0,7.35,8.93,40.92,13.22,5,음식
명란젓,젓갈류,100.0,147.0,2044.0,0.0,3.98,17.96,6.54,1,음식
명란찌개,찌개 및 전골류,263.3,27.0,367.0,0.84,2.74,3.1,0.58,1,음식
명란찜,찜류,125.2,61.0,1130.0,1.28,3.1,7.1,2.24,1,음식
명태,어패류 및 기타 수산물,,123.0,419.0,0.0,0.0,23.48,1.18,19,원재료성식품
명태 매운탕,찌개 및 전골류,625.0,49.0,58.0,0.79,3.15,7.1,1.03,1,음식
모과,과일류,,78.0,2.0,,20.0,0.7,0.4,1,원재료성식품
모닝빵,빵 및 과자류,70.0,386.0,295.0,13.64,50.0,9.09,17.27,26,음식
모듬 김밥,밥류,400.0,113.0,184.0,0.7,17.49,4.2,2.75,1,음식
모듬 초밥,밥류,245.0,188.0,345.0,2.3,28.9,9.8,2.93,2,음식
모듬 콩조림,조림류,15.0,181.0,321.0,3.85,15.38,11.1,9.11,1,음식
모듬배추나물,나물·숙채류,85.0,31.0,322.0,1.05,3.69,1.7,1.28,4,음식
모듬버섯볶음,볶음류,100.0,69.0,430.0,2.0,6.82,3.0,4.56,4,음식
모듬찰떡,빵 및 과자류,100.0,233.0,203.0,3.12,42.59,6.31,4.12,2,음식
모듬채소전,전·적 및 부침류,110.0,154.0,173.0,1.21,21.32,3.4,5.65,1,음식
모듬채소전골,찌개 및 전골류,450.0,20.0,145.0,0.61,2.1,1.8,0.6,1,음식
모듬회,수·조·어·육류,150.0,133.0,493.0,2.44,5.15,22.5,2.31,1,음식
모래무지,어패류 및 기타 수산물,,77.0,,0.0,0.0,15.7,1.1,1,원재료성식품
모링가,채소류,,66.0,6.0,2.15,12.43,4.21,1.38,1,원재료성식품
모밀국수,면 및 만두류,284.1,126.0,349.0,1.8,25.31,4.8,0.42,4,음식
모시풀,채소류,,49.0,2.0,0.0,7.24,6.09,1.02,3,원재료성식품
모싯잎송편,빵 및 과자류,100.0,190.0,262.0,3.18,40.29,5.65,0.66,3,음식
모유,우유류,,61.0,15.0,6.4,7.2,1.1,3.5,1,원재료성식품
모자반류,해조류,,29.0,363.0,,11.15,2.41,0.36,12,원재료성식품
모조치즈,식용유지류,100.0,277.0,840.0,0.0,22.0,0.0,21.0,11,가공식품
모카빵,빵 및 과자류,150.0,339.0,354.0,12.53,57.96,8.55,8.05,1,음식
목이버섯,버섯류,,28.0,7.0,0.18,11.58,1.2,0.55,6,원재료성식품
목화씨,견과 및 종실류,,506.0,25.0,,21.9,32.59,36.29,1,원재료성식품
몸국,국 및 탕류,650.0,22.0,119.0,0.4,1.54,2.9,0.65,1,음식
몽치다래,어패류 및 기타 수산물,,159.0,,0.5,0.5,24.08,5.9,1,원재료성식품
무,채소류,,21.0,12.0,2.23,4.53,0.74,0.14,2,원재료성식품
무 된장국,국 및 탕류,239.1,18.0,254.0,0.71,2.11,1.6,0.41,4,음식
무 북어국,국 및 탕류,300.0,18.0,180.0,0.31,0.95,2.4,0.5,4,음식
무 어묵조림,조림류,86.8,109.0,623.0,4.13,14.58,6.3,3.06,2,음식
무 절임(치킨무),채소류,,22.0,219.0,3.54,4.89,0.44,0.21,1,원재료성식품
무 파래무침,생채·무침류,130.0,23.0,221.0,2.62,4.86,1.1,0.38,1,음식
무국,국 및 탕류,270.0,25.0,233.0,0.24,0.86,0.79,2.03,23,음식
무국물,국 및 탕류,,3.0,2.0,0.36,0.55,0.16,0.0,1,음식
무나물,나물·숙채류,56.6,28.0,136.0,1.53,3.86,0.7,1.14,4,음식
무나물무침,나물·숙채류,50.0,21.0,352.0,3.3,3.64,0.62,0.46,1,음식
무말랭이,채소류,,49.0,13.0,3.78,10.97,1.78,0.25,2,원재료성식품
무말랭이무침,생채·무침류,85.0,131.0,1137.0,14.46,27.77,3.08,0.87,9,음식
무말랭이장아찌,장아찌·절임류,94.2,117.0,1287.0,6.61,18.34,4.1,3.23,1,음식
무밥,밥류,246.2,177.0,198.0,0.79,36.68,3.7,1.06,1,음식
무생채,생채·무침류,85.0,49.0,821.0,1.78,7.33,2.43,1.11,15,음식
무생채(무만),생채·무침류,120.0,30.0,249.0,2.57,5.77,1.03,0.56,1,음식
무숙장아찌,장아찌·절임류,94.0,93.0,1391.0,2.36,4.78,3.7,6.44,1,음식
무순,채소류,,20.0,15.0,0.67,1.82,1.89,1.01,1,원재료성식품
무시래기,채소류,,27.0,3.0,0.04,5.34,1.81,0.39,2,원재료성식품
무장아찌,장아찌·절임류,22.9,80.0,2933.0,9.62,16.76,1.47,0.76,2,음식
무조림,조림류,79.3,48.0,779.0,3.87,4.29,2.26,2.38,5,음식
무지개떡,빵 및 과자류,100.0,229.0,277.0,8.99,53.01,3.53,0.31,1,음식
무짠지,장아찌·절임류,50.0,11.0,2382.0,1.58,1.98,0.54,0.12,1,음식
무청,채소류,,23.0,45.0,0.82,4.29,1.84,0.42,2,원재료성식품
무청나물,나물·숙채류,100.0,80.0,367.0,0.32,6.04,2.8,5.44,1,음식
무초절임(치킨무),장아찌·절임류,130.0,17.0,189.0,1.75,3.05,0.52,0.3,1,음식
무화과,과일류,,52.0,0.0,11.28,13.47,0.74,0.09,4,원재료성식품
묵,두부류 또는 묵류,500.0,35.0,32.0,0.0,8.33,0.0,0.0,304,가공식품
묵국,국 및 탕류,400.0,22.0,238.0,0.28,3.57,1.0,0.4,1,음식
묵말이,국 및 탕류,1300.0,36.0,247.0,0.48,6.9,0.52,0.65,1,음식
묵무침,생채·무침류,200.0,60.0,290.0,0.72,9.08,1.16,2.08,3,음식
묵밥,밥류,600.0,68.0,218.0,1.59,13.54,1.56,0.81,4,음식
문어류,어패류 및 기타 수산물,,81.0,479.0,0.2,0.0,16.3,0.43,32,원재료성식품
문어무침,생채·무침류,91.2,63.0,333.0,1.6,4.91,7.2,1.95,2,음식
문어볶음,볶음류,211.7,88.0,487.0,5.44,8.62,10.97,1.02,2,음식
물김치,김치류,400.0,5.0,237.0,0.35,0.75,0.31,0.08,1,음식
물냉면,면 및 만두류,578.0,78.0,361.0,0.78,13.24,4.0,0.85,6,음식
물냉이,채소류,,23.0,28.0,,3.7,3.5,0.1,1,원재료성식품
물만두,면 및 만두류,307.5,98.0,93.0,0.05,13.04,6.6,2.42,4,음식
물메기,어패류 및 기타 수산물,,78.0,,0.1,0.1,16.4,0.9,1,원재료성식품
물쑥,채소류,,47.0,7.0,,11.7,1.9,0.1,2,원재료성식품
물엿,당류,330.0,310.0,0.0,43.0,77.0,0.0,0.0,79,가공식품
물치다래,어패류 및 기타 수산물,,168.0,,0.1,0.1,23.4,7.3,1,원재료성식품
물회,생채·무침류,700.0,72.0,347.0,6.5,10.31,4.29,1.54,3,음식
미강유(현미유),식용유지류,500.0,900.0,0.0,0.0,0.0,0.0,100.0,71,가공식품
미꾸라지튀김,튀김류,100.0,387.0,324.0,0.3,28.85,10.89,25.39,1,음식
미나리,채소류,,18.0,3.0,0.76,3.01,1.82,0.29,8,원재료성식품
미나리 초무침,생채·무침류,36.5,41.0,475.0,5.47,8.87,1.7,0.48,3,음식
미나리나물,나물·숙채류,50.0,59.0,301.0,0.0,4.48,2.03,3.67,8,음식
미나리무침,생채·무침류,95.0,46.0,765.0,2.24,5.41,1.31,2.13,6,음식
미나리전,전·적 및 부침류,150.0,151.0,166.0,1.16,22.82,3.49,5.08,1,음식
미더덕류,어패류 및 기타 수산물,,46.0,,4.08,4.08,4.3,1.2,4,원재료성식품
미더덕찜,찜류,118.9,77.0,391.0,1.18,8.05,7.7,1.82,1,음식
미소된장국,국 및 탕류,150.0,25.0,345.0,0.47,1.87,1.87,1.2,5,음식
미숫가루,음료 및 차류,300.0,70.0,24.0,0.0,10.42,2.08,2.27,14,음식
미숫가루(선식)음료,음료 및 차류,100.0,57.0,39.0,4.08,,4.65,,5,음식
미숫가루/선식,즉석식품류,375.0,405.0,107.0,11.0,71.8,15.24,6.35,371,가공식품
미역 된장국,국 및 탕류,225.0,15.0,345.0,0.34,1.81,1.2,0.57,2,음식
미역 오이무침,생채·무침류,100.0,57.0,896.0,7.72,14.77,1.9,0.36,3,음식
미역국,국 및 탕류,240.2,19.0,295.0,0.0,1.04,2.46,0.56,23,음식
미역냉국,국 및 탕류,300.0,11.0,290.0,1.85,2.7,0.5,0.11,5,음식
미역류,해조류,,13.0,361.0,0.0,3.7,1.68,0.29,26,원재료성식품
미역줄기볶음,볶음류,80.0,77.0,505.0,0.55,4.85,0.96,5.95,9,음식
미역초무침,생채·무침류,100.0,35.0,452.0,1.3,5.24,1.18,1.02,3,음식
미역튀각,튀김류,32.6,443.0,5223.0,11.36,21.14,13.24,33.9,2,음식
미음,죽 및 스프류,100.0,20.0,0.0,0.0,4.6,0.3,0.1,3,음식
미트 스파게티,면 및 만두류,350.0,134.0,293.0,3.17,,4.55,,4,음식
미트볼조림,조림류,105.2,108.0,293.0,4.7,10.7,4.7,5.1,6,음식
민들레,채소류,,29.0,1.0,0.0,5.48,2.44,0.44,2,원재료성식품
민들레무침,나물·숙채류,50.0,27.0,244.0,1.61,4.56,1.2,0.72,1,음식
민들레잎무침,생채·무침류,90.0,81.0,248.0,8.16,12.32,2.69,2.33,1,음식
민들레차,차류,,0.0,1.0,0.05,0.05,0.01,0.0,1,원재료성식품
민어,어패류 및 기타 수산물,,111.0,140.0,,0.0,23.4,0.8,7,원재료성식품
민어 매운탕,찌개 및 전골류,450.0,35.0,140.0,0.92,2.98,4.5,0.79,1,음식
민어구이,구이류,100.0,106.0,703.0,0.0,0.38,12.6,5.53,1,음식
민태,어패류 및 기타 수산물,,88.0,,0.0,0.0,15.2,2.5,1,원재료성식품
민트,조미료류,,294.0,28.0,,56.2,17.5,6.1,1,원재료성식품
밀,곡류,,329.0,1.0,0.0,71.7,13.06,1.28,10,원재료성식품
밀가루,농산가공식품류,1000.0,348.0,0.0,1.0,72.0,11.0,1.5,295,가공식품
밀면,면 및 만두류,100.0,71.0,303.0,3.68,14.19,2.46,0.5,1,음식
밀크쉐이크,유제품류 및 빙과류,100.0,113.0,51.0,16.57,17.01,2.43,3.88,1,음식
밀크티,음료 및 차류,100.0,76.0,12.0,3.65,9.61,1.23,3.68,5,음식
밀크티/버블티,음료 및 차류,,60.0,23.0,7.93,8.8,1.4,1.86,328,음식
밀푀유나베,찌개 및 전골류,1564.0,41.0,246.0,2.0,3.83,3.66,1.17,4,음식
바게트,빵 및 과자류,,323.0,441.0,10.56,45.96,6.83,11.8,54,음식
바게트/치아바타,과자류·빵류 또는 떡류,185.0,270.0,383.0,2.68,46.99,8.72,5.27,1058,가공식품
바나나,과일류,,77.0,0.0,14.4,20.0,1.11,0.2,2,원재료성식품
바리류,어패류 및 기타 수산물,,100.0,,0.1,0.1,19.3,1.9,9,원재료성식품
바셀라,채소류,,12.0,7.0,,3.2,0.9,0.2,2,원재료성식품
바지락,어패류 및 기타 수산물,,82.0,383.0,0.75,3.2,12.27,0.93,14,원재료성식품
바지락 된장국,국 및 탕류,300.0,16.0,130.0,0.41,1.78,1.6,0.35,1,음식
바지락 미역국,국 및 탕류,300.0,8.0,178.0,0.04,1.14,0.9,0.15,4,음식
바지락 수제비,면 및 만두류,1036.3,31.0,197.0,0.23,5.08,1.3,0.45,2,음식
바지락국,국 및 탕류,203.3,17.0,225.0,0.11,0.74,2.2,0.52,3,음식
바지락찜,찜류,146.8,83.0,830.0,4.59,9.15,8.0,1.71,2,음식
바질,채소류,,34.0,1.0,0.37,5.9,2.81,0.7,2,원재료성식품
박,채소류,,21.0,6.0,,5.2,0.5,0.1,2,원재료성식품
박고지,채소류,,268.0,14.0,,69.0,7.6,0.4,1,원재료성식품
박대,어패류 및 기타 수산물,,115.0,1394.0,,0.1,21.4,1.4,3,원재료성식품
박쥐나무,채소류,,100.0,27.0,,20.7,6.7,1.2,1,원재료성식품
반제품/생지,과자류·빵류 또는 떡류,280.0,345.0,282.0,15.77,45.21,7.07,15.1,2041,가공식품
반지,어패류 및 기타 수산물,,167.0,,0.16,0.16,16.94,10.1,3,원재료성식품
반찬,즉석식품류,245.0,129.0,337.0,2.95,13.15,6.98,5.44,3275,가공식품
발효유,유가공품류,220.0,72.6,34.9,7.55,10.69,3.14,1.95,574,가공식품
발효음료,음료류,340.0,48.0,1.0,6.8,11.8,0.2,0.0,728,가공식품
밤,견과 및 종실류,,153.0,1.0,6.3,33.46,3.16,0.74,10,원재료성식품
밤밥,밥류,209.8,152.0,3.0,0.42,32.65,3.4,0.23,2,음식
밤버섯,버섯류,,17.0,,,3.5,2.9,0.9,1,원재료성식품
밥류,즉석식품류,250.0,162.0,332.0,1.67,27.33,4.67,3.67,7224,가공식품
방가지똥,채소류,,46.0,5.0,,10.3,2.5,0.4,1,원재료성식품
방어류,어패류 및 기타 수산물,,101.0,,0.4,0.4,21.7,0.8,5,원재료성식품
방울다다기양배추,채소류,,44.0,13.0,3.3,8.74,4.02,0.35,3,원재료성식품
방풍나물,나물·숙채류,50.0,31.0,150.0,0.38,4.9,1.6,0.94,4,음식
방풍나물무침,나물·숙채류,80.0,76.0,267.0,2.91,10.74,4.39,1.73,1,음식
배,과일류,,45.0,0.0,8.3,12.24,0.29,0.04,5,원재료성식품
배 과즙,과일류,,52.0,35.0,,13.0,0.3,0.5,1,원재료성식품
배암차즈기(곰보배추),채소류,,25.0,7.0,1.44,4.5,1.73,0.62,1,원재료성식품
배초향(방아),채소류,,55.0,2.0,1.52,11.13,4.87,0.46,1,원재료성식품
배추,채소류,,17.0,9.0,2.21,3.72,1.24,0.05,21,원재료성식품
배추 겉절이,생채·무침류,102.5,30.0,893.0,2.47,5.29,1.5,0.79,4,음식
배추 된장국,국 및 탕류,260.0,13.0,248.0,0.6,1.8,0.9,0.29,9,음식
배추겉절이,생채·무침류,100.0,43.0,581.0,3.04,6.51,2.18,0.92,3,음식
배추국,국 및 탕류,165.8,16.0,248.0,0.0,1.14,1.84,0.41,7,음식
배추김치,김치류,100.0,38.0,551.0,2.4,6.49,1.98,0.43,4,음식
배추나물,나물·숙채류,86.7,61.0,276.0,6.24,8.45,2.01,2.19,9,음식
배추숙주나물,나물·숙채류,44.0,22.0,127.0,1.33,3.58,1.5,0.62,1,음식
배추우거지,채소류,,18.0,9.0,1.81,3.71,1.35,0.14,2,원재료성식품
배추전,전·적 및 부침류,96.5,160.0,218.0,3.35,23.68,3.44,5.78,4,음식
백김치,김치류,100.0,16.0,395.0,1.04,3.0,0.95,0.07,1,음식
백모근,채소류,,337.0,115.0,,77.0,9.0,2.0,1,원재료성식품
백설기,빵 및 과자류,100.0,230.0,211.0,0.11,50.4,3.71,1.45,3,음식
백연,어패류 및 기타 수산물,,89.0,,0.3,0.3,19.0,0.8,1,원재료성식품
백합,채소류,,118.0,2.0,0.44,24.91,3.34,1.52,1,원재료성식품
백합류,어패류 및 기타 수산물,,74.0,,3.6,3.6,11.7,1.0,7,원재료성식품
백합죽,죽 및 스프류,700.0,65.0,142.0,0.0,12.1,2.36,0.8,1,음식
백향과(패션프루트),과일류,,100.0,1.0,8.58,22.58,1.68,1.55,1,원재료성식품
백향과(패션프루트) 주스,과일류,,60.0,6.0,14.25,14.45,0.67,0.18,3,원재료성식품
밴댕이,어패류 및 기타 수산물,,238.0,1070.0,,0.0,46.02,4.66,6,원재료성식품
밴댕이무침,생채·무침류,400.0,150.0,257.0,6.75,11.5,7.45,8.25,1,음식
뱅쇼,음료 및 차류,,35.0,3.0,7.27,,0.11,,34,음식
뱅어,어패류 및 기타 수산물,,403.0,680.0,,1.2,60.4,11.0,5,원재료성식품
뱅어포구이,구이류,56.0,374.0,1479.0,15.91,25.07,34.37,15.17,2,음식
뱅어포무침,생채·무침류,21.0,371.0,1136.0,4.94,10.32,43.7,16.11,2,음식
뱅어포튀김,튀김류,10.2,732.0,414.0,0.0,34.04,41.2,45.09,1,음식
버거,빵 및 과자류,,250.0,474.0,4.2,18.32,12.21,14.2,295,음식
버들송이버섯,버섯류,,183.0,,,71.1,14.3,2.7,3,원재료성식품
버섯 덮밥,밥류,572.0,101.0,63.0,0.54,18.47,2.6,1.63,2,음식
버섯 매운탕,찌개 및 전골류,800.0,45.0,160.0,1.46,6.93,2.4,1.36,2,음식
버섯 샤브샤브,찌개 및 전골류,488.0,27.0,143.0,0.48,2.46,2.0,1.36,1,음식
버섯 잡채,볶음류,200.0,149.0,207.0,1.94,6.28,4.8,12.22,1,음식
버섯구이,구이류,80.0,84.0,463.0,4.54,11.66,4.29,2.21,2,음식
버섯구이표고버섯,구이류,80.0,100.0,435.0,1.4,18.14,4.34,1.06,1,음식
버섯국,국 및 탕류,320.0,42.0,161.0,0.5,2.71,3.3,2.43,1,음식
버섯무침,생채·무침류,150.0,59.0,311.0,0.09,3.44,2.74,3.77,1,음식
버섯볶음,볶음류,135.0,91.0,343.0,0.8,7.33,3.0,5.53,4,음식
버섯전,전·적 및 부침류,68.0,160.0,209.0,1.83,10.8,7.02,9.91,6,음식
버섯전골,찌개 및 전골류,350.0,40.0,276.0,0.95,4.54,2.14,1.5,6,음식
버섯조림,조림류,105.0,60.0,302.0,1.95,6.23,4.38,2.0,2,음식
버섯찌개,찌개 및 전골류,270.0,42.0,323.0,1.1,3.85,3.68,1.3,5,음식
버찌,과일류,,60.0,1.0,,14.9,1.7,0.1,1,원재료성식품
버터,유가공품류,454.0,738.0,10.0,0.75,0.75,0.75,82.0,80,가공식품
버터빵,빵 및 과자류,,320.0,410.0,11.0,48.0,8.0,11.0,10,음식
버터크림빵,빵 및 과자류,60.0,383.0,319.0,11.99,46.23,8.18,18.41,1,음식
번,빵 및 과자류,,360.0,281.0,12.63,53.68,8.42,12.0,41,음식
번데기,기타,,126.0,2.0,0.0,1.95,12.62,7.55,2,원재료성식품
번데기탕,찌개 및 전골류,200.0,23.0,109.0,0.18,0.42,2.2,1.48,1,음식
베도라치류,어패류 및 기타 수산물,,107.0,,0.7,0.7,22.0,1.2,5,원재료성식품
베로치,어패류 및 기타 수산물,,86.0,,0.0,0.0,19.5,0.4,1,원재료성식품
베이글,빵 및 과자류,120.0,289.0,463.0,5.69,47.97,8.94,6.5,136,음식
베이컨,식육가공품 및 포장육,500.0,255.0,830.0,1.0,2.0,16.0,20.0,185,가공식품
베이컨떡말이구이,구이류,95.3,239.0,594.0,3.76,29.9,6.3,10.55,4,음식
베이컨채소볶음,볶음류,129.0,142.0,241.0,4.78,10.06,6.3,8.81,2,음식
벤자리류,어패류 및 기타 수산물,,123.0,,0.3,0.3,17.0,5.3,2,원재료성식품
병아리콩,두류,,183.0,0.0,0.71,29.24,9.18,3.2,2,원재료성식품
병어,어패류 및 기타 수산물,,130.0,,0.29,0.29,16.4,6.3,16,원재료성식품
병어구이,구이류,49.7,244.0,1559.0,0.0,0.45,21.4,16.23,1,음식
병어조림,조림류,145.5,112.0,842.0,0.22,4.87,12.46,4.78,2,음식
병어찌개,찌개 및 전골류,298.8,54.0,485.0,1.08,3.4,5.3,2.06,1,음식
보구치,어패류 및 기타 수산물,,119.0,,0.3,0.3,19.3,3.9,50,원재료성식품
보리,곡류,,346.0,6.0,0.5,75.08,9.79,1.77,26,원재료성식품
보리멸류,어패류 및 기타 수산물,,93.0,,0.0,0.0,19.5,1.1,2,원재료성식품
보리밥,밥류,280.0,161.0,4.0,2.57,36.77,2.9,0.24,5,음식
보리밥 열매,과일류,,354.0,,,68.5,18.5,1.3,1,원재료성식품
보리차,차류,,0.0,1.0,0.0,0.07,0.0,0.0,1,원재료성식품
보신탕,찌개 및 전골류,600.0,42.0,65.0,0.53,2.12,3.0,2.68,1,음식
보쌈김치,김치류,69.9,30.0,661.0,1.69,3.73,2.19,0.72,3,음식
보이차,차류,,0.0,2.0,0.05,0.0,0.12,0.0,1,원재료성식품
복 매운탕,찌개 및 전골류,600.0,31.0,228.0,0.58,2.25,5.1,0.39,1,음식
복류,어패류 및 기타 수산물,,85.0,,0.1,0.1,19.3,0.3,11,원재료성식품
복분자,과일류,,88.0,4.0,8.06,17.96,1.52,2.2,1,원재료성식품
복숭아,과일류,,49.0,0.0,9.45,13.1,0.59,0.04,4,원재료성식품
복숭아씨기름,유지류,,911.0,13.0,,0.3,0.5,98.9,1,원재료성식품
복숭아홍차,음료 및 차류,,31.0,1.0,7.35,,0.0,,6,음식
복어튀김,튀김류,79.5,320.0,284.0,0.6,22.88,13.84,19.27,2,음식
복죽,죽 및 스프류,259.0,107.0,154.0,0.01,16.84,2.7,2.73,1,음식
복지리,찌개 및 전골류,600.0,30.0,209.0,0.35,1.49,5.6,0.31,1,음식
복찜,찜류,510.0,36.0,137.0,0.87,4.11,3.55,0.92,1,음식
복합조미식품,조미식품,155.0,250.0,3937.0,8.33,41.67,8.33,5.21,1392,가공식품
볶음 우동,면 및 만두류,487.9,57.0,305.0,0.12,5.99,2.1,2.65,4,음식
볶음/비빔라면,면류,130.0,400.0,986.0,7.14,62.14,7.14,13.57,306,가공식품
볶음면,면 및 만두류,470.0,190.0,367.0,3.86,13.81,6.55,12.1,1,음식
볶음밥,밥류,340.0,176.0,269.0,0.31,22.61,6.28,6.75,59,음식
볼기우럭,어패류 및 기타 수산물,,129.0,,0.0,0.0,18.7,5.3,1,원재료성식품
볼락 매운탕,찌개 및 전골류,356.2,30.0,191.0,1.27,2.87,3.5,0.52,1,음식
볼락류,어패류 및 기타 수산물,,102.0,47.0,0.0,0.0,18.41,2.26,26,원재료성식품
부대찌개,찌개 및 전골류,600.0,106.0,378.0,1.26,10.7,3.36,5.55,9,음식
부세,어패류 및 기타 수산물,,105.0,,0.0,0.0,17.2,3.4,2,원재료성식품
부시리,어패류 및 기타 수산물,,109.0,,0.1,0.1,22.3,1.5,1,원재료성식품
부지갱이(섬쑥부쟁이),채소류,,48.0,10.0,0.38,8.24,5.17,0.68,5,원재료성식품
부추,채소류,,32.0,1.0,2.39,6.42,2.37,0.35,8,원재료성식품
부추 겉절이,생채·무침류,50.0,24.0,178.0,1.57,3.38,1.3,1.11,2,음식
부추 채소무침,생채·무침류,50.0,22.0,171.0,2.24,4.01,1.1,0.67,1,음식
부추 초무침,생채·무침류,50.0,23.0,187.0,1.76,3.66,1.1,0.78,3,음식
부추김치,김치류,100.0,47.0,761.0,4.08,6.36,2.68,1.16,5,음식
부추나물,나물·숙채류,50.0,18.0,137.0,0.89,1.99,1.2,0.88,3,음식
부추무침,생채·무침류,95.4,70.0,780.0,7.67,11.58,3.25,1.21,14,음식
부추잡채,볶음류,86.5,75.0,177.0,2.71,3.89,4.9,4.36,3,음식
부추전,전·적 및 부침류,94.7,167.0,247.0,8.28,27.86,4.63,4.17,6,음식
부침가루/튀김가루/믹스,농산가공식품류,490.0,360.0,520.0,2.0,74.0,11.0,2.0,339,가공식품
북어강정,튀김류,32.1,379.0,709.0,12.17,25.82,19.22,22.07,5,음식
북어구이,구이류,41.2,287.0,932.0,3.15,10.53,46.5,5.91,2,음식
북어국,국 및 탕류,300.0,28.0,232.0,0.12,0.84,3.89,0.98,16,음식
북어양념구이,구이류,170.0,137.0,285.0,2.29,6.62,20.3,2.93,1,음식
북어조림,조림류,100.0,182.0,766.0,8.2,17.14,20.83,3.33,1,음식
북어찜,찜류,400.0,157.0,601.0,4.27,12.0,18.73,3.8,2,음식
북어채 고추장 무침,생채·무침류,31.3,296.0,942.0,4.13,14.1,36.6,10.34,1,음식
북어채무침,생채·무침류,120.0,188.0,756.0,5.59,12.05,28.4,2.91,2,음식
북어튀김,튀김류,,344.0,1183.0,21.19,,58.62,,1,음식
분말스프,조미식품,100.0,342.0,4708.0,23.7,69.4,8.4,3.4,152,가공식품
분쇄가공육,식육가공품 및 포장육,887.5,240.0,400.0,2.0,15.0,13.0,11.0,1135,가공식품
분유,유가공품류,575.0,406.0,188.0,48.75,54.38,15.63,14.38,17,가공식품
분짜,면 및 만두류,100.0,136.0,398.0,5.47,19.75,5.91,3.66,1,음식
불고기전골,찌개 및 전골류,900.0,104.0,296.0,5.3,10.38,5.96,4.34,4,음식
불낙전골,찌개 및 전골류,420.0,63.0,423.0,0.53,5.32,6.6,1.75,6,음식
붉은메기,어패류 및 기타 수산물,,83.0,,0.0,0.0,18.2,0.7,3,원재료성식품
붕어,어패류 및 기타 수산물,,94.0,,0.1,0.1,18.1,1.8,11,원재료성식품
붕어 매운탕,찌개 및 전골류,600.0,23.0,112.0,0.25,1.08,3.1,0.7,1,음식
붕어찜,찜류,1100.0,76.0,359.0,1.47,6.51,4.94,3.35,1,음식
브라우니,과자류·빵류 또는 떡류,100.0,450.0,164.0,35.71,51.43,5.71,24.29,270,가공식품
브라질너트,견과 및 종실류,,659.0,3.0,2.33,11.74,14.32,67.1,1,원재료성식품
브로콜리,채소류,,31.0,16.0,0.91,3.8,3.81,0.92,8,원재료성식품
브로콜리 두부무침,생채·무침류,50.0,35.0,167.0,2.31,6.17,2.0,0.72,4,음식
브로콜리 버섯볶음,볶음류,50.0,24.0,144.0,0.65,2.96,1.4,1.13,4,음식
브로콜리 채소무침,생채·무침류,50.0,34.0,182.0,2.98,7.21,1.7,0.35,1,음식
브로콜리무침,생채·무침류,50.0,32.0,175.0,2.9,7.01,1.6,0.25,3,음식
브로콜리볶음,볶음류,90.0,51.0,94.0,1.42,5.53,4.42,1.28,1,음식
블랙베리,과일류,,43.0,0.0,5.76,8.69,0.67,1.13,1,원재료성식품
블랙커런트,과일류,,63.0,2.0,,15.38,1.4,0.41,1,원재료성식품
블루길,어패류 및 기타 수산물,,83.0,,0.2,0.2,17.8,0.8,1,원재료성식품
블루베리,과일류,,48.0,0.0,9.96,12.57,0.55,0.09,3,원재료성식품
비름,채소류,,23.0,65.0,0.31,3.96,2.72,0.29,2,원재료성식품
비름나물,나물·숙채류,50.0,28.0,191.0,0.44,3.56,2.2,1.05,12,음식
비름나물무침,나물·숙채류,80.0,73.0,335.0,0.86,5.7,3.46,4.05,1,음식
비비추(이밥추),채소류,,48.0,3.0,,10.1,3.0,0.6,1,원재료성식품
비빔 잡곡밥,밥류,300.0,138.0,93.0,0.68,25.66,3.6,2.12,1,음식
비빔국수,면 및 만두류,197.3,113.0,333.0,4.31,20.94,3.2,1.86,5,음식
비빔냉면,면 및 만두류,586.5,90.0,152.0,1.37,14.53,3.8,1.66,2,음식
비빔막국수,면 및 만두류,700.0,104.0,256.0,3.82,21.47,3.06,0.86,1,음식
비빔면,면 및 만두류,1154.0,153.0,373.0,4.33,20.17,5.7,5.48,1,음식
비빔밥,밥류,400.0,142.0,317.0,3.04,22.5,4.47,3.81,25,음식
비스킷/쿠키/크래커,빵 및 과자류,,495.0,289.0,30.0,65.45,6.18,22.73,106,음식
비타민채(다채),채소류,,15.0,31.0,0.0,1.44,2.26,0.5,2,원재료성식품
비트,채소류,,23.0,69.0,2.82,4.66,1.28,0.13,5,원재료성식품
비파,과일류,,45.0,0.0,10.8,11.95,0.29,0.2,1,원재료성식품
비프까스,튀김류,275.0,208.0,261.0,2.51,12.25,8.1,13.68,1,음식
빙과,빙과류,120.0,100.0,21.0,17.14,22.86,0.0,0.86,1153,가공식품
빙떡(메밀전병),빵 및 과자류,100.0,168.0,346.0,0.62,21.62,6.18,6.29,1,음식
빙수,유제품류 및 빙과류,100.0,117.0,80.0,17.76,23.41,1.73,1.78,154,음식
빙어류,어패류 및 기타 수산물,,92.0,,0.1,0.1,17.4,1.9,7,원재료성식품
빨강부지,어패류 및 기타 수산물,,71.0,,0.0,0.0,15.8,0.5,1,원재료성식품
빵가루,농산가공식품류,2000.0,360.0,270.0,3.0,74.0,11.0,2.4,79,가공식품
뼈다귀해장국,국 및 탕류,650.0,21.0,108.0,0.36,0.96,2.7,0.63,3,음식
뽕나무버섯,버섯류,,192.0,5.0,,58.6,24.4,5.7,4,원재료성식품
뽕잎,채소류,,48.0,6.0,0.41,9.0,4.86,0.53,5,원재료성식품
사골국,국 및 탕류,563.0,55.0,75.0,0.0,2.81,5.56,2.42,4,음식
사과,과일류,,51.0,0.0,11.37,13.74,0.34,0.08,8,원재료성식품
사과차,음료 및 차류,,59.0,4.0,13.91,14.78,0.0,0.0,13,음식
사탕,과자류·빵류 또는 떡류,100.0,388.0,3.0,68.75,96.25,0.0,0.0,4141,가공식품
사탕무,채소류,,77.0,61.0,,18.7,1.8,0.0,1,원재료성식품
사탕수수,채소류,,77.0,10.0,,20.9,1.1,0.0,1,원재료성식품
사태찜,찜류,300.0,110.0,302.0,0.13,3.67,12.1,5.17,1,음식
사프란,조미료류,,310.0,148.0,,65.37,11.43,5.85,1,원재료성식품
산딸기,과일류,,55.0,0.0,7.8,13.55,1.35,0.22,1,원재료성식품
산마늘(명이나물),채소류,,36.0,0.0,3.8,8.21,2.02,0.21,2,원재료성식품
산수유,과일류,,112.0,3.0,10.33,23.83,0.87,2.82,2,원재료성식품
산양유,우유류,,62.0,40.0,3.48,4.03,3.16,3.62,1,원재료성식품
산자,빵 및 과자류,30.0,366.0,23.0,31.35,82.17,2.31,3.09,1,음식
산자나무 열매(씨벅톤),과일류,,70.0,20.0,,9.7,1.0,3.8,1,원재료성식품
산적,전·적 및 부침류,170.0,200.0,586.0,0.06,1.55,29.06,8.56,1,음식
산초,조미료류,,349.0,28.0,2.87,66.44,18.62,0.98,1,원재료성식품
산호류,해조류,,42.0,,,16.81,2.79,0.43,2,원재료성식품
살구,과일류,,30.0,1.0,7.39,7.12,1.2,0.05,2,원재료성식품
살살치,어패류 및 기타 수산물,,70.0,,0.6,0.6,15.5,0.2,2,원재료성식품
살조개,어패류 및 기타 수산물,,89.0,,3.6,3.6,14.2,1.5,1,원재료성식품
삶은 땅콩 조림,조림류,65.5,190.0,756.0,3.82,21.15,6.8,9.74,3,음식
삼각김밥,밥류,100.0,172.0,282.0,0.02,31.95,3.94,3.2,6,음식
삼겹살구이,구이류,200.0,403.0,510.0,5.73,12.63,14.21,32.83,2,음식
삼겹살볶음,볶음류,186.4,151.0,604.0,3.62,8.4,5.76,10.49,4,음식
삼계탕,국 및 탕류,831.6,101.0,82.0,0.45,3.84,10.68,4.8,5,음식
삼나물,채소류,,293.0,,,61.3,22.8,2.2,1,원재료성식품
삼백초,기타,,301.0,8.0,,67.0,12.1,3.8,3,원재료성식품
삼붕냐와,채소류,,27.0,186.0,0.24,3.84,1.62,1.09,1,원재료성식품
삼색 오이냉국,국 및 탕류,160.0,17.0,234.0,2.68,3.52,0.6,0.21,1,음식
삼색냉채,생채·무침류,150.0,76.0,401.0,4.54,7.48,6.4,2.29,3,음식
삼세기,어패류 및 기타 수산물,,97.0,,0.5,0.5,18.6,1.8,1,원재료성식품
삼씨(대마씨),견과 및 종실류,,450.0,2.0,2.3,31.7,29.9,28.3,1,원재료성식품
삼채,채소류,,23.0,2.0,0.81,4.99,1.55,0.13,5,원재료성식품
삼치 양념구이,구이류,68.6,189.0,570.0,4.18,15.38,22.8,4.14,2,음식
삼치 카레구이,구이류,75.6,213.0,320.0,0.44,3.71,27.1,9.05,2,음식
삼치구이,구이류,200.0,178.0,217.0,0.22,1.45,21.42,9.57,5,음식
삼치류,어패류 및 기타 수산물,,124.0,39.0,0.0,0.0,20.08,2.93,8,원재료성식품
삼치조림,조림류,95.0,125.0,441.0,2.03,2.61,15.88,5.63,5,음식
삼치찌개,찌개 및 전골류,297.0,50.0,347.0,1.08,3.35,6.2,1.28,1,음식
삼치튀김,튀김류,89.5,136.0,929.0,0.02,3.69,13.7,6.82,2,음식
상어류,어패류 및 기타 수산물,,107.0,139.0,0.0,0.0,23.9,1.21,16,원재료성식품
상지차,차류,,360.0,7.0,,78.6,6.0,2.4,1,원재료성식품
상추,채소류,,15.0,6.0,1.03,2.79,1.31,0.21,18,원재료성식품
상추 겉절이,생채·무침류,115.0,24.0,175.0,1.89,3.89,1.1,0.76,4,음식
상추겉절이,생채·무침류,90.0,64.0,550.0,3.71,6.18,2.48,3.26,4,음식
상황버섯,버섯류,,179.0,33.0,0.0,84.58,4.4,0.27,2,원재료성식품
새다래,어패류 및 기타 수산물,,104.0,,0.0,0.0,18.9,2.6,1,원재료성식품
새송이버섯 구이,구이류,75.4,58.0,200.0,0.7,4.17,1.6,4.81,3,음식
새송이버섯볶음,볶음류,120.0,32.0,163.0,0.97,4.13,1.44,1.95,2,음식
새송이버섯전,전·적 및 부침류,95.0,63.0,93.0,0.17,5.89,3.16,3.73,1,음식
새싹 샐러드,생채·무침류,104.4,117.0,74.0,2.49,5.01,1.4,10.6,3,음식
새우 탕수,튀김류,94.4,149.0,189.0,4.18,12.77,11.0,5.84,4,음식
새우구이,구이류,240.0,145.0,330.0,0.03,2.82,23.41,4.44,2,음식
새우류,어패류 및 기타 수산물,,132.0,947.0,0.0,1.52,22.78,1.7,45,원재료성식품
새우무침,생채·무침류,27.0,321.0,462.0,8.04,15.47,37.0,11.77,2,음식
새우볶음,볶음류,200.0,83.0,326.0,3.99,5.96,9.91,2.21,1,음식
새우전,전·적 및 부침류,65.9,188.0,349.0,1.87,11.57,9.99,11.33,3,음식
새우젓,젓갈류,10.0,69.0,7402.0,0.5,6.0,7.1,1.8,1,음식
새우젓국,국 및 탕류,320.0,23.0,276.0,0.75,2.21,2.0,0.72,3,음식
새우조림,조림류,241.8,62.0,343.0,0.53,3.21,7.6,1.91,2,음식
새우탕,국 및 탕류,760.5,33.0,268.0,0.06,2.0,5.17,0.44,6,음식
새우튀김,튀김류,91.3,244.0,421.0,1.77,,8.42,,11,음식
새우튀김롤,밥류,300.0,202.0,464.0,3.71,32.09,4.82,6.06,1,음식
새조개,어패류 및 기타 수산물,,114.0,,1.3,1.3,21.5,1.9,7,원재료성식품
샌드위치,빵 및 과자류,112.0,208.0,405.0,4.0,25.1,7.7,8.5,233,음식
샐러드,생채·무침류,150.0,124.0,286.0,3.6,6.4,5.8,8.4,57,음식
생강,채소류,,42.0,4.0,0.45,9.82,0.97,0.15,3,원재료성식품
생강차,음료 및 차류,,57.0,2.0,11.11,,0.0,,18,음식
생선까스,튀김류,138.7,327.0,394.0,0.98,23.28,12.17,20.55,6,음식
생선전,전·적 및 부침류,150.0,154.0,546.0,0.2,4.61,17.17,7.38,2,음식
샤베트,유제품류 및 빙과류,,40.0,9.0,7.66,9.36,0.23,0.17,3,음식
샤브샤브,찌개 및 전골류,812.0,44.0,187.0,0.4,2.45,4.85,1.63,6,음식
서대구이,구이류,79.2,161.0,1177.0,0.0,0.71,25.1,5.77,1,음식
서대류,어패류 및 기타 수산물,,91.0,,0.1,0.1,18.9,1.2,5,원재료성식품
서류가공품,농산가공식품류,600.0,162.0,68.0,0.0,28.7,2.2,4.3,1413,가공식품
석류,과일류,,77.0,1.0,9.94,20.71,0.29,0.2,1,원재료성식품
석묵,해조류,,148.0,,9.1,63.9,9.6,0.2,1,원재료성식품
석이버섯,버섯류,,165.0,6.0,0.33,68.47,11.75,0.96,1,원재료성식품
섞박지,김치류,81.7,35.0,1351.0,1.75,5.04,1.9,1.24,2,음식
섞어찌개(모듬찌개),찌개 및 전골류,416.3,39.0,194.0,0.9,3.73,1.7,2.09,2,음식
선인장,채소류,,83.0,23.0,2.53,19.35,0.97,0.19,4,원재료성식품
선지해장국,국 및 탕류,600.0,34.0,278.0,0.41,2.07,4.4,0.98,1,음식
선짓국,국 및 탕류,460.0,40.0,474.0,0.8,3.5,3.4,1.53,4,음식
설렁탕,국 및 탕류,500.0,24.0,22.0,0.0,0.36,4.26,0.58,3,음식
설탕,당류,380.0,400.0,0.0,100.0,100.0,0.0,0.0,74,가공식품
섬초롱,채소류,,41.0,2.0,,8.5,3.0,0.4,2,원재료성식품
성게류,어패류 및 기타 수산물,,150.0,,7.3,7.3,18.3,4.5,16,원재료성식품
성대류,어패류 및 기타 수산물,,91.0,,0.0,0.0,19.3,1.0,6,원재료성식품
성장기 즉석식품,즉석식품류,660.0,397.0,179.0,43.59,66.67,15.38,8.21,1,가공식품
성장기용 조제식,특수영양식품,645.0,68.0,35.0,6.21,7.58,2.29,3.21,69,가공식품
세발나물,채소류,,23.0,249.0,0.0,4.2,2.29,0.28,2,원재료성식품
세발나물무침,나물·숙채류,100.0,78.0,701.0,3.67,7.05,3.01,4.25,1,음식
세발낙지볶음,볶음류,256.0,88.0,367.0,3.09,8.35,11.6,0.9,3,음식
세발낙지찜,찜류,600.0,74.0,235.0,0.9,3.8,5.5,4.31,1,음식
셀러리,채소류,,17.0,69.0,0.0,3.81,1.1,0.12,2,원재료성식품
소 부산물,육류,,112.0,98.0,0.0,0.14,17.72,3.94,17,원재료성식품
소간 채소볶음,볶음류,104.2,120.0,498.0,3.79,7.74,10.5,5.29,1,음식
소갈비 구이,구이류,141.4,210.0,411.0,3.48,6.33,10.2,15.23,4,음식
소갈비찜,찜류,225.2,160.0,265.0,3.04,5.3,8.0,11.32,5,음식
소고기,육류,,218.0,51.0,0.0,0.0,20.24,14.05,204,원재료성식품
소고기 감자죽,죽 및 스프류,283.9,82.0,86.0,0.21,11.19,2.6,2.71,2,음식
소고기 국밥,밥류,809.0,66.0,124.0,0.41,12.54,2.3,0.56,3,음식
소고기 덮밥,밥류,387.9,109.0,134.0,1.05,14.39,5.7,2.78,3,음식
소고기 두부국,국 및 탕류,320.0,34.0,160.0,0.04,0.62,2.8,2.18,1,음식
소고기 떡찜,찜류,78.4,303.0,357.0,1.45,32.19,10.6,14.48,1,음식
소고기 무국,국 및 탕류,251.9,23.0,135.0,0.17,0.53,1.6,1.49,3,음식
소고기 미역국,국 및 탕류,300.0,21.0,258.0,0.02,0.92,1.6,1.37,5,음식
소고기 샌드위치,빵 및 과자류,250.0,203.0,328.0,2.94,19.7,6.9,10.61,3,음식
소고기 샤브샤브,찌개 및 전골류,930.0,47.0,112.0,0.38,4.1,3.0,2.08,1,음식
소고기 완자전,전·적 및 부침류,61.9,314.0,483.0,0.19,10.06,14.1,22.92,4,음식
소고기 장조림,조림류,50.0,188.0,840.0,1.39,6.9,14.9,10.52,9,음식
소고기국,국 및 탕류,563.0,34.0,6.0,0.14,2.92,1.8,1.67,2,음식
소고기버섯죽,죽 및 스프류,213.6,72.0,158.0,0.03,13.63,2.34,0.93,4,음식
소고기볶음,볶음류,160.8,144.0,369.0,2.85,6.92,11.59,7.73,14,음식
소고기산적,전·적 및 부침류,200.0,227.0,696.0,0.0,3.67,24.2,12.78,1,음식
소고기샤브샤브,찌개 및 전골류,930.0,46.0,114.0,0.4,4.08,2.95,2.04,1,음식
소고기스튜,찜류,127.6,187.0,310.0,2.31,9.23,10.1,11.65,1,음식
소고기육개장,국 및 탕류,220.0,25.0,125.0,0.37,1.49,1.91,1.41,3,음식
소고기전골,찌개 및 전골류,864.0,76.0,217.0,0.61,5.35,7.02,2.94,6,음식
소고기찜,찜류,196.9,117.0,163.0,2.55,4.95,5.5,8.55,2,음식
소고기채소볶음,볶음류,128.7,128.0,116.0,2.21,3.35,5.1,10.08,4,음식
소고기튀김,튀김류,114.2,258.0,428.0,1.88,10.11,10.4,18.92,1,음식
소곱창 구이,구이류,66.2,171.0,296.0,2.43,3.71,8.8,11.89,1,음식
소곱창 볶음,볶음류,99.2,178.0,369.0,1.79,4.99,9.0,13.58,1,음식
소귀나무 열매,과일류,,24.0,23.0,,4.6,0.8,0.6,1,원재료성식품
소금,조미식품,100.0,4.0,9900.0,0.0,0.0,1.0,0.0,17,가공식품
소금빵,빵 및 과자류,,376.0,975.0,5.33,48.0,8.0,17.33,21,음식
소내장구이,구이류,260.0,92.0,57.0,0.1,0.75,6.75,6.53,1,음식
소등심 스테이크,구이류,91.2,229.0,110.0,2.22,3.3,10.6,18.22,4,음식
소등심구이,구이류,127.7,320.0,254.0,0.0,0.26,15.9,26.79,4,음식
소라류,어패류 및 기타 수산물,,93.0,239.0,,2.55,17.19,1.04,20,원재료성식품
소라무침,생채·무침류,91.0,122.0,55.0,2.0,7.46,18.7,1.58,2,음식
소라산적,전·적 및 부침류,80.0,150.0,496.0,1.06,8.06,22.4,3.14,1,음식
소리쟁이,채소류,,259.0,77.0,,52.6,21.7,2.2,1,원재료성식품
소보로빵,빵 및 과자류,70.0,364.0,236.0,16.36,46.36,7.27,17.27,45,음식
소불고기,구이류,160.0,170.0,418.0,3.24,4.26,16.41,9.66,8,음식
소사태찜,찜류,95.3,96.0,204.0,1.97,6.42,9.3,3.31,3,음식
소세지빵,빵 및 과자류,,315.0,593.0,6.17,25.31,9.88,19.14,24,음식
소스/드레싱,"장류, 양념류",768.0,116.0,530.0,5.93,7.66,8.93,5.54,2,음식
소시지,수·조·어·육류,,220.0,730.0,2.0,,15.0,,1,음식
소시지 케첩볶음,볶음류,93.6,252.0,631.0,4.63,12.93,11.5,17.08,4,음식
소시지볶음,볶음류,170.0,236.0,718.0,4.45,15.9,9.4,14.95,10,음식
소시지조림,조림류,62.2,234.0,1048.0,4.22,12.89,11.9,15.02,3,음식
소시지튀김,튀김류,61.2,309.0,945.0,1.34,19.73,13.8,18.67,4,음식
소안심스테이크,구이류,232.0,197.0,242.0,1.57,2.64,16.6,12.51,1,음식
소주,주류,360.0,89.0,0.0,0.0,0.0,0.0,0.0,14,가공식품
소탕,국 및 탕류,150.0,58.0,236.0,0.02,1.27,5.1,3.57,1,음식
솔잎,기타,,8.0,4.0,,2.1,0.1,,2,원재료성식품
송아지 부산물,육류,,110.0,77.0,,0.08,17.18,3.98,12,원재료성식품
송아지고기,육류,,202.0,83.0,0.0,0.0,25.14,10.45,14,원재료성식품
송어 매운탕,찌개 및 전골류,275.8,54.0,247.0,1.56,4.03,6.6,1.35,1,음식
송어류,어패류 및 기타 수산물,,166.0,420.0,0.0,0.0,19.0,10.0,25,원재료성식품
송이버섯,버섯류,,21.0,1.0,0.31,8.12,2.05,0.15,2,원재료성식품
송편,빵 및 과자류,100.0,194.0,234.0,1.26,41.66,5.24,0.75,5,음식
송화,기타,,392.0,23.0,16.96,79.79,11.46,2.95,1,원재료성식품
쇠귀나물,채소류,,128.0,3.0,,26.6,6.3,0.1,2,원재료성식품
쇠기름,유지류,,869.0,1.0,,0.0,0.2,99.8,1,원재료성식품
쇼트닝,식용유지류,1700.0,900.0,0.0,0.0,0.0,0.0,100.0,42,가공식품
수란,찜류,100.0,145.0,110.0,,0.2,12.3,11.7,1,음식
수랑,어패류 및 기타 수산물,,86.0,,2.9,2.9,15.9,0.7,1,원재료성식품
수리취(떡취),채소류,,64.0,,,14.7,3.9,0.2,1,원재료성식품
수박,과일류,,36.0,1.0,5.53,9.26,0.65,0.05,2,원재료성식품
수박씨,견과 및 종실류,,451.0,,,47.2,19.3,22.9,1,원재료성식품
수박화채,음료 및 차류,200.0,42.0,9.0,5.78,7.79,1.2,0.87,4,음식
수세미,기타,,4.0,3.0,,0.7,0.8,,1,원재료성식품
수수,곡류,,368.0,3.0,0.75,72.54,10.94,3.17,5,원재료성식품
수수경단,빵 및 과자류,100.0,218.0,238.0,,43.1,8.2,1.4,1,음식
수수밥,밥류,290.0,161.0,1.0,0.08,35.02,3.16,0.92,5,음식
수수부꾸미,빵 및 과자류,100.0,248.0,261.0,0.24,42.1,5.73,6.29,1,음식
수수팥떡,빵 및 과자류,100.0,204.0,242.0,2.82,43.03,6.7,0.59,1,음식
수육,찜류,180.0,166.0,31.0,0.11,2.04,28.43,4.94,3,음식
수제비,면 및 만두류,485.0,79.0,407.0,1.14,10.76,3.63,2.4,8,음식
숙주나물,나물·숙채류,70.0,35.0,403.0,1.58,2.96,2.22,1.58,15,음식
숙주미나리나물,나물·숙채류,80.0,17.0,158.0,0.34,1.79,1.07,0.9,3,음식
순 현미밥,밥류,250.0,129.0,8.0,0.41,27.59,2.6,0.72,1,음식
순대,찜류,69.3,181.0,340.0,1.17,19.45,6.52,8.55,5,음식
순대국,국 및 탕류,498.8,9.0,207.0,0.4,0.0,1.7,0.0,7,음식
순대볶음,볶음류,300.0,166.0,573.0,3.71,22.51,2.89,7.12,15,음식
순대전골,찌개 및 전골류,450.0,76.0,160.0,0.68,6.28,5.61,3.18,1,음식
순두부찌개,찌개 및 전골류,881.0,43.0,296.0,1.2,2.44,3.54,2.09,9,음식
순무,채소류,,27.0,59.0,1.93,5.65,1.5,0.09,5,원재료성식품
순채,해조류,,25.0,,7.1,8.4,2.5,0.7,1,원재료성식품
숭어 매운탕,찌개 및 전골류,275.8,51.0,241.0,1.56,4.11,6.8,0.87,1,음식
숭어류,어패류 및 기타 수산물,,107.0,,0.4,0.4,21.67,1.5,16,원재료성식품
스낵과자,과자류·빵류 또는 떡류,90.0,491.0,453.0,3.97,66.47,7.13,21.86,2823,가공식품
스무디,음료 및 차류,,83.0,22.0,11.91,15.74,1.28,1.7,1103,음식
스콘,빵 및 과자류,,428.0,341.0,16.7,46.3,5.4,24.6,49,음식
스크램블드에그,전·적 및 부침류,84.2,149.0,145.0,1.39,1.61,9.99,10.98,6,음식
스테비아,채소류,,40.0,1.0,0.0,8.71,2.4,0.32,2,원재료성식품
스테이크,구이류,477.0,155.0,269.0,3.38,5.73,13.1,8.86,13,음식
스파게티,면 및 만두류,500.0,172.0,345.0,1.5,18.8,4.7,8.7,54,음식
스프,죽 및 스프류,100.0,46.0,229.0,2.64,7.33,0.83,1.48,16,음식
시금치,채소류,,32.0,15.0,0.0,4.8,4.12,0.55,10,원재료성식품
시금치 겉절이,생채·무침류,80.9,54.0,357.0,1.47,6.28,3.0,2.51,2,음식
시금치 된장국,국 및 탕류,230.0,15.0,250.0,0.62,2.12,1.2,0.33,4,음식
시금치나물,나물·숙채류,50.0,69.0,136.0,0.1,3.36,3.74,4.46,14,음식
시래기 된장국,국 및 탕류,245.0,13.0,237.0,0.33,1.9,0.9,0.3,4,음식
시래기나물,나물·숙채류,75.0,58.0,1041.0,3.22,10.49,2.0,1.65,5,음식
시래기나물무침,나물·숙채류,50.0,114.0,514.0,0.54,7.74,4.32,7.28,1,음식
시럽,당류,1295.0,248.5,0.8,60.61,62.12,0.0,0.0,414,가공식품
시루떡,빵 및 과자류,100.0,217.0,278.0,3.22,47.54,5.47,0.61,3,음식
시리얼,빵 및 과자류,190.0,445.0,11.0,37.5,,12.0,,2,음식
시리얼바/에너지바/영양바,즉석식품류,50.0,446.0,37.0,22.86,57.14,8.57,17.14,11,가공식품
식물성유지,식용유지류,100.0,900.0,0.0,0.0,0.0,0.0,100.0,589,가공식품
식물성크림,식용유지류,500.0,538.0,80.0,11.0,68.0,2.3,28.5,223,가공식품
식빵,빵 및 과자류,100.0,311.0,325.0,5.9,47.9,9.1,9.2,105,음식
식빵튀김,튀김류,41.7,262.0,342.0,6.8,37.0,6.0,9.92,3,음식
식용곤충,동물성가공식품류,140.0,85.0,490.0,0.0,2.0,9.0,4.5,7,가공식품
식용돈지,식용유지류,170.0,900.0,0.0,0.0,0.7,0.0,100.0,10,가공식품
식육간편조리,식육가공품 및 포장육,600.0,68.0,295.0,0.7,4.05,5.68,3.18,1265,가공식품
식초,조미식품,250.0,80.0,5.0,13.0,19.0,0.0,0.0,909,가공식품
식혜,음료 및 차류,150.0,47.0,2.0,11.43,11.69,0.12,0.04,8,음식
신선초(명일엽),채소류,,24.0,31.0,1.95,5.66,1.08,0.14,1,원재료성식품
싸리버섯,버섯류,,179.0,57.0,,58.9,19.9,4.8,2,원재료성식품
쌀겨기름(미강유),유지류,,921.0,0.0,0.0,0.05,0.0,99.95,1,원재료성식품
쌀국수,면 및 만두류,560.0,53.0,275.0,0.72,9.18,2.6,0.7,5,음식
쌀밥,밥류,250.0,166.0,0.0,0.02,37.33,3.36,0.32,3,음식
쌀죽(흰죽),죽 및 스프류,100.0,53.0,0.0,0.0,11.45,0.99,0.15,7,음식
쌈무,채소류,,15.0,400.0,1.46,3.1,0.54,0.03,1,원재료성식품
쌈장,"장류, 양념류",22.1,142.0,2335.0,8.46,20.13,6.5,4.55,2,음식
쌈추,채소류,,25.0,29.0,0.0,4.29,3.07,0.23,2,원재료성식품
쌍동가리,어패류 및 기타 수산물,,101.0,,0.0,0.0,20.8,1.4,1,원재료성식품
쌍뿔달재,어패류 및 기타 수산물,,75.0,,0.1,0.1,16.9,0.4,1,원재료성식품
쌍화차,음료 및 차류,,51.0,2.0,9.63,12.91,0.03,0.01,14,음식
쏘가리,어패류 및 기타 수산물,,106.0,56.0,,0.0,20.21,2.2,10,원재료성식품
쏙류,어패류 및 기타 수산물,,85.0,,,3.7,14.9,0.8,1,원재료성식품
쏨뱅이류,어패류 및 기타 수산물,,90.0,,0.13,0.13,19.87,0.6,7,원재료성식품
쑤기미,어패류 및 기타 수산물,,84.0,,0.53,0.53,18.47,0.4,1,원재료성식품
쑥,채소류,,37.0,3.0,0.0,7.04,3.4,0.38,5,원재료성식품
쑥 된장국,국 및 탕류,208.3,14.0,163.0,0.29,1.64,1.0,0.47,3,음식
쑥갓,채소류,,21.0,135.0,0.0,3.8,2.1,0.3,2,원재료성식품
쑥갓나물,나물·숙채류,50.0,25.0,221.0,0.1,2.11,2.1,1.16,12,음식
쑥갓나물무침,생채·무침류,150.0,64.0,473.0,0.2,4.4,3.0,3.8,1,음식
쑥갓무침,생채·무침류,34.2,40.0,237.0,0.24,4.01,2.5,1.96,1,음식
쑥갓오이무침,생채·무침류,126.4,37.0,157.0,0.39,5.58,1.9,1.06,2,음식
쑥떡,빵 및 과자류,100.0,249.0,254.0,10.72,57.89,3.36,0.4,1,음식
쑥부쟁이,채소류,,26.0,1.0,0.08,3.53,2.92,0.72,1,원재료성식품
쑥전(부침개),구이류,96.5,127.0,538.0,0.02,13.44,4.8,6.29,1,음식
쑥차,차류,,338.0,153.0,,56.4,26.3,0.8,1,원재료성식품
쑥튀김,튀김류,60.3,234.0,552.0,0.09,19.95,6.6,13.71,2,음식
씀바귀,채소류,,71.0,3.0,5.05,16.24,2.54,0.13,3,원재료성식품
씀바귀나물,나물·숙채류,60.0,38.0,296.0,1.87,6.54,1.5,1.11,1,음식
씀바귀나물무침,나물·숙채류,90.0,97.0,204.0,1.28,16.57,3.87,1.73,1,음식
아구탕,국 및 탕류,600.0,41.0,311.0,0.3,2.13,6.3,0.82,1,음식
아귀 매운탕,찌개 및 전골류,333.1,37.0,180.0,1.03,3.57,4.6,0.68,3,음식
아귀류,어패류 및 기타 수산물,,71.0,,0.1,0.1,16.29,0.2,18,원재료성식품
아귀지리,찌개 및 전골류,540.0,21.0,87.0,0.2,0.89,3.97,0.13,1,음식
아귀찜,찜류,300.0,77.0,261.0,1.67,6.37,6.68,2.79,6,음식
아떼모야,과일류,,73.0,2.0,,19.0,1.2,0.1,1,원재료성식품
아로니아,과일류,,68.0,0.0,4.44,17.45,1.08,0.23,2,원재료성식품
아마란스,곡류,,381.0,0.0,1.71,67.59,16.47,5.78,2,원재료성식품
아마씨,견과 및 종실류,,540.0,70.0,0.9,30.4,21.8,43.3,1,원재료성식품
아마씨유,유지류,,884.0,0.0,0.0,0.0,0.11,99.98,1,원재료성식품
아몬드,견과 및 종실류,,581.0,6.0,6.82,20.09,23.44,49.96,2,원재료성식품
아몬드유,유지류,,884.0,0.0,0.0,0.0,0.0,100.0,1,원재료성식품
아보카도,과일류,,160.0,7.0,0.66,8.53,2.0,14.66,1,원재료성식품
아보카도오일,식용유지류,230.0,900.0,0.0,0.0,0.0,0.0,100.0,85,가공식품
아보카도유,유지류,,917.0,13.0,0.0,0.48,0.0,99.52,1,원재료성식품
아세로라,과일류,,36.0,7.0,,9.0,0.7,0.1,1,원재료성식품
아스파라거스,채소류,,17.0,3.0,1.35,2.53,2.02,0.34,3,원재료성식품
아욱,채소류,,37.0,37.0,0.0,7.64,3.08,0.31,2,원재료성식품
아욱 된장국,국 및 탕류,190.0,16.0,252.0,0.42,2.45,1.2,0.33,5,음식
아위버섯,버섯류,,27.0,5.0,0.01,8.69,3.62,0.43,2,원재료성식품
아이비카,채소류,,260.0,,,43.7,27.7,4.4,1,원재료성식품
아이스 카페라떼,음료 및 차류,355.0,46.0,17.0,5.14,6.73,1.4,1.5,3,음식
아이스 카페모카,음료 및 차류,355.0,89.0,28.0,6.79,10.21,1.8,4.6,4,음식
아이스밀크,빙과류,84.0,237.5,69.6,25.79,35.71,3.96,8.34,1309,가공식품
아이스크림,유제품류 및 빙과류,100.0,196.0,69.0,19.13,27.83,3.48,7.83,465,음식
아이스티,음료 및 차류,,31.0,2.0,7.37,7.54,0.01,0.11,109,음식
아주까리,채소류,,82.0,7.0,,17.8,5.8,0.5,2,원재료성식품
아티초크,채소류,,45.0,53.0,0.84,9.18,3.11,0.5,4,원재료성식품
아피오스감자,감자 및 전분류,,175.0,31.0,,38.2,6.1,0.5,1,원재료성식품
알로에,채소류,,3.0,13.0,,0.7,0.1,,1,원재료성식품
알밥,밥류,500.0,124.0,1032.0,2.63,10.21,9.82,4.88,6,음식
알탕,찌개 및 전골류,520.0,39.0,250.0,0.0,1.74,6.37,0.74,3,음식
알팔파,채소류,,21.0,5.0,0.34,3.14,3.53,0.2,1,원재료성식품
알함유가공품,알가공품류,500.0,162.0,356.0,0.67,9.79,10.62,8.92,92,가공식품
앙금빵,빵 및 과자류,100.0,298.0,70.0,35.0,65.0,6.67,1.33,15,음식
애느타리버섯,버섯류,,16.0,7.0,,3.5,4.2,0.1,1,원재료성식품
애플수박,과일류,,40.0,0.0,6.23,8.39,0.94,0.81,1,원재료성식품
애호박 감자된장국,국 및 탕류,222.2,23.0,186.0,0.67,3.35,1.9,0.3,3,음식
애호박 된장국,국 및 탕류,320.0,23.0,283.0,0.97,3.18,2.0,0.48,1,음식
애호박 볶음,볶음류,49.4,64.0,204.0,1.78,4.25,1.1,4.95,1,음식
애호박나물,나물·숙채류,50.0,37.0,162.0,2.64,5.51,1.3,1.44,3,음식
애호박볶음,볶음류,50.0,59.0,447.0,0.42,5.3,1.32,3.62,1,음식
애호박부침개,전·적 및 부침류,86.5,159.0,429.0,1.2,19.42,4.6,6.56,4,음식
애호박전,전·적 및 부침류,70.0,122.0,224.0,2.32,6.73,4.35,8.62,5,음식
애호박죽,죽 및 스프류,171.5,77.0,57.0,0.43,15.0,1.4,0.96,1,음식
애호박찌개,찌개 및 전골류,266.0,38.0,210.0,0.83,3.87,3.7,0.95,4,음식
애호박찜,찜류,117.4,181.0,161.0,1.81,21.18,9.5,6.48,4,음식
액상음료,음료류,240.0,50.0,15.0,8.0,12.0,0.1,0.0,6679,가공식품
액상차,음료류,300.0,64.0,5.0,12.6,15.7,0.19,0.0,5515,가공식품
액상커피,음료 및 차류,100.0,17.0,0.0,1.68,3.98,0.18,0.0,3,음식
앨퉁이,어패류 및 기타 수산물,,166.0,,,0.17,19.4,8.9,2,원재료성식품
앵두,과일류,,61.0,10.0,,15.2,1.1,0.3,1,원재료성식품
야채빵,빵 및 과자류,,361.0,414.0,8.59,,10.1,,9,음식
야콘,감자 및 전분류,,52.0,0.0,0.5,12.4,0.6,0.3,2,원재료성식품
야콘차,차류,,98.0,33.0,,24.0,0.6,0.0,1,원재료성식품
약과,빵 및 과자류,30.0,399.0,57.0,16.89,84.89,4.2,4.75,2,음식
약식,빵 및 과자류,100.0,220.0,233.0,10.21,45.43,4.44,2.32,2,음식
양갱,과자류·빵류 또는 떡류,70.0,290.0,35.0,36.0,70.0,3.0,0.0,473,가공식품
양고기,육류,,205.0,37.0,,0.1,18.8,15.3,1,원재료성식품
양념 도토리묵,생채·무침류,116.9,55.0,363.0,0.15,9.91,1.1,1.27,1,음식
양념 돼지고기튀김,튀김류,192.5,189.0,347.0,2.19,13.89,12.9,8.58,2,음식
양념 바지락젓,젓갈류,12.5,50.0,1.0,0.81,2.07,5.8,1.97,1,음식
양념 새우젓,젓갈류,15.0,67.0,5863.0,1.5,6.78,7.3,1.5,1,음식
양념 오징어젓,젓갈류,15.0,66.0,2013.0,1.43,5.27,8.2,1.33,3,음식
양념두부,볶음류,66.4,68.0,105.0,0.09,2.99,6.2,3.39,1,음식
양념육,식육가공품 및 포장육,400.0,191.0,330.0,3.0,8.0,15.0,11.0,9634,가공식품
양념채김치,김치류,190.3,53.0,1065.0,3.61,7.5,3.3,1.55,1,음식
양념초장,"장류, 양념류",5.0,134.0,4784.0,1.39,21.8,10.4,1.03,2,음식
양미리,어패류 및 기타 수산물,,123.0,,0.0,0.0,21.5,3.4,2,원재료성식품
양미리조림,조림류,123.2,65.0,711.0,2.2,9.09,5.76,0.66,3,음식
양배추,채소류,,32.0,6.0,3.91,6.8,2.34,0.19,8,원재료성식품
양배추 겉절이,생채·무침류,78.4,46.0,434.0,3.89,7.87,2.0,1.38,4,음식
양배추 된장국,국 및 탕류,184.4,34.0,313.0,1.61,3.93,2.9,0.89,1,음식
양배추 사과 샐러드,생채·무침류,55.4,136.0,73.0,7.29,10.14,0.8,10.74,3,음식
양배추 샐러드,생채·무침류,122.2,99.0,145.0,2.2,4.32,0.9,8.95,2,음식
양배추 초나물,나물·숙채류,113.3,65.0,175.0,5.61,9.45,2.0,2.75,2,음식
양배추김치,김치류,54.7,39.0,2099.0,4.0,8.29,2.2,0.39,1,음식
양배추나물,나물·숙채류,40.2,71.0,799.0,4.42,8.69,2.2,3.76,2,음식
양배추부추무침,생채·무침류,62.0,41.0,374.0,4.11,8.01,2.2,0.6,4,음식
양배추오이  샐러드,생채·무침류,34.1,188.0,120.0,4.28,8.2,1.8,17.09,2,음식
양상추 샐러드,생채·무침류,73.4,79.0,136.0,3.0,4.72,1.7,6.14,4,음식
양송이 덮밥,밥류,572.0,93.0,46.0,1.27,19.64,1.9,0.65,2,음식
양송이버섯,버섯류,,15.0,5.0,0.77,3.89,3.12,0.23,7,원재료성식품
양송이버섯볶음,볶음류,100.1,104.0,215.0,2.76,5.17,4.5,7.58,4,음식
양장피,생채·무침류,344.4,133.0,496.0,0.44,10.95,7.3,6.63,3,음식
양지국물,육류,,4.0,26.0,,0.0,1.0,0.0,1,원재료성식품
양태구이,구이류,100.0,107.0,672.0,0.0,0.1,14.0,5.11,1,음식
양태류,어패류 및 기타 수산물,,77.0,,0.3,0.3,16.9,0.5,5,원재료성식품
양파,채소류,,31.0,1.0,4.39,6.97,1.08,0.18,10,원재료성식품
양파 소고기전,전·적 및 부침류,82.0,155.0,435.0,3.51,8.88,5.0,10.63,1,음식
양파링튀김,튀김류,100.0,411.0,776.0,5.43,43.58,3.86,25.23,1,음식
양파볶음,볶음류,105.2,56.0,274.0,9.15,9.51,0.99,1.54,3,음식
양파장아찌,장아찌·절임류,50.0,63.0,6050.0,15.42,16.05,0.6,0.03,1,음식
양하,채소류,,13.0,1.0,,2.8,0.6,0.1,1,원재료성식품
어린양 부산물,육류,,139.0,70.0,,1.78,20.38,5.02,2,원재료성식품
어린양고기,육류,,276.0,66.0,0.0,0.0,22.51,19.97,8,원재료성식품
어묵,수산가공식품류,324.0,151.0,670.0,3.41,19.4,10.43,3.51,2793,가공식품
어묵 감자볶음,볶음류,79.7,209.0,559.0,4.37,23.61,8.2,9.07,3,음식
어묵 매운탕,찌개 및 전골류,236.4,40.0,235.0,1.57,5.86,2.8,0.84,4,음식
어묵 오이무침,생채·무침류,105.7,126.0,532.0,5.51,18.17,7.7,3.07,3,음식
어묵 우동,면 및 만두류,580.0,61.0,173.0,0.22,11.21,1.8,0.8,4,음식
어묵국,국 및 탕류,190.0,32.0,250.0,0.78,4.16,2.2,0.78,4,음식
어묵국(어묵탕),국 및 탕류,320.0,69.0,406.0,3.02,11.01,3.48,1.26,6,음식
어묵국물,국 및 탕류,300.0,7.0,234.0,0.14,1.05,0.5,0.13,1,음식
어묵볶음,볶음류,100.0,152.0,632.0,1.26,17.2,6.33,6.41,15,음식
어묵잡채,볶음류,168.6,126.0,421.0,2.2,9.87,6.5,6.53,4,음식
어묵전,전·적 및 부침류,67.2,214.0,710.0,1.79,22.1,9.9,8.96,2,음식
어묵조림,조림류,82.5,159.0,428.0,2.43,23.16,5.83,4.73,7,음식
어묵탕,국 및 탕류,600.0,30.0,255.0,0.72,3.92,2.1,0.73,8,음식
어묵튀김,튀김류,73.0,179.0,797.0,1.92,15.76,8.5,8.89,4,음식
어수리,채소류,,45.0,16.0,,10.4,2.4,0.3,2,원재료성식품
어유,식용유지류,30.0,270.0,0.0,0.0,0.0,0.0,30.0,7,가공식품
어육가공품,수산가공식품류,250.0,140.0,590.0,4.0,16.0,10.0,3.8,870,가공식품
어육소시지전,전·적 및 부침류,80.0,177.0,441.0,2.04,12.73,8.23,10.14,1,음식
어죽,죽 및 스프류,800.0,69.0,263.0,1.23,12.6,2.55,0.94,1,음식
어탕,국 및 탕류,150.0,57.0,323.0,0.0,1.21,8.47,2.06,1,음식
얼갈이 겉절이,생채·무침류,100.0,22.0,224.0,1.99,4.12,1.3,0.43,1,음식
얼갈이 나물,나물·숙채류,100.0,48.0,1483.0,0.68,4.0,1.9,3.05,2,음식
얼갈이 된장국,국 및 탕류,250.0,11.0,216.0,0.39,1.56,0.9,0.29,4,음식
얼갈이겉절이,생채·무침류,110.0,25.0,229.0,1.62,4.09,1.14,0.71,3,음식
얼갈이배추,채소류,,14.0,52.0,0.58,2.62,1.22,0.18,3,원재료성식품
얼갈이배추김치,김치류,90.0,63.0,246.0,0.38,10.94,1.59,1.45,2,음식
엄나무(개두릅),채소류,,41.0,1.0,0.36,5.2,6.94,0.67,2,원재료성식품
엉겅퀴,채소류,,267.0,7.0,,55.6,22.4,1.6,2,원재료성식품
에이드,음료 및 차류,,40.0,1.0,9.73,9.83,0.07,0.08,257,음식
엘더베리,과일류,,73.0,6.0,,18.4,0.66,0.5,1,원재료성식품
여주(고야),채소류,,22.0,0.0,0.36,4.48,1.28,0.36,1,원재료성식품
연근,채소류,,62.0,6.0,0.59,14.41,1.07,0.08,2,원재료성식품
연근전,전·적 및 부침류,134.7,82.0,14.0,0.57,10.31,1.9,3.53,2,음식
연근조림,조림류,55.0,174.0,661.0,2.78,29.42,2.68,5.1,6,음식
연근튀김,튀김류,120.4,156.0,389.0,0.94,16.27,3.1,8.36,3,음식
연두부찌개,찌개 및 전골류,257.8,42.0,291.0,0.95,2.59,4.8,1.48,1,음식
연두부찜,찜류,133.6,65.0,203.0,1.11,3.71,5.1,3.3,4,음식
연씨,견과 및 종실류,,81.0,2.0,0.5,14.9,5.9,0.5,1,원재료성식품
연어,수산가공식품류,180.0,200.0,283.0,0.0,2.49,20.47,11.98,253,가공식품
연어구이,구이류,86.9,234.0,158.0,0.55,0.2,24.78,14.94,5,음식
연어기름,유지류,,902.0,0.0,,0.0,0.0,100.0,1,원재료성식품
연어롤,밥류,300.0,170.0,404.0,2.82,24.77,6.19,5.13,1,음식
연어류,어패류 및 기타 수산물,,205.0,53.0,0.0,0.0,23.0,12.5,37,원재료성식품
연어튀김,튀김류,70.9,149.0,971.0,0.01,9.66,13.1,5.71,1,음식
연유,유가공품류,500.0,322.0,98.0,55.0,55.0,7.5,8.0,14,가공식품
연잎밥,밥류,100.0,207.0,178.0,,47.0,4.0,0.3,1,음식
연포탕,국 및 탕류,1000.0,54.0,234.0,0.02,2.02,9.49,0.9,1,음식
열대비름(아마란스),채소류,,21.0,18.0,0.0,3.11,2.99,0.35,2,원재료성식품
열무,채소류,,17.0,55.0,0.37,2.62,2.12,0.24,2,원재료성식품
열무 겉절이,생채·무침류,68.8,25.0,1129.0,1.74,4.78,1.6,0.26,1,음식
열무 된장국,국 및 탕류,152.5,20.0,338.0,0.48,2.09,2.1,0.51,3,음식
열무 비빔밥,밥류,600.0,84.0,112.0,0.61,16.86,2.5,0.51,2,음식
열무김치,김치류,100.0,36.0,583.0,0.68,5.87,2.39,0.38,1,음식
열무나물,나물·숙채류,90.0,82.0,460.0,0.6,4.76,3.91,5.3,9,음식
열무물김치,김치류,100.0,18.0,493.0,1.68,2.91,1.41,0.07,1,음식
열무얼갈이김치,김치류,50.0,35.0,680.0,0.91,5.22,2.15,0.66,1,음식
열쌍동가리,어패류 및 기타 수산물,,86.0,,0.1,0.1,18.3,0.9,1,원재료성식품
염교(락교),채소류,,93.0,840.0,18.72,21.79,0.52,1.0,2,원재료성식품
염소고기,육류,,181.0,70.0,0.0,0.0,19.88,10.31,3,원재료성식품
영·유아용 이유식,특수영양식품,180.0,76.0,7.0,0.43,13.72,3.43,0.71,3762,가공식품
영아용 조제식,특수영양식품,750.0,70.0,22.0,5.2,8.7,1.3,3.3,11,가공식품
영아자,채소류,,34.0,14.0,,7.7,2.5,0.1,3,원재료성식품
영양돌솥밥,밥류,339.1,184.0,6.0,0.63,36.06,3.43,2.87,5,음식
영지버섯,버섯류,,0.0,1.0,0.0,0.03,0.07,0.01,2,원재료성식품
오겹살구이,구이류,100.0,408.0,76.0,0.72,2.72,20.18,35.14,1,음식
오곡밥,밥류,263.0,156.0,46.0,0.07,32.93,4.78,0.52,4,음식
오디,과일류,,54.0,16.0,,12.0,2.6,0.3,2,원재료성식품
오레가노,조미료류,,265.0,25.0,4.09,68.92,9.0,4.28,1,원재료성식품
오렌지,과일류,,47.0,2.0,9.21,11.81,0.92,0.16,4,원재료성식품
오렴자(카람볼라),과일류,,30.0,1.0,,7.5,0.7,0.1,1,원재료성식품
오리 간장불고기,구이류,180.0,98.0,313.0,2.93,6.16,12.6,2.41,1,음식
오리감자죽,죽 및 스프류,302.0,97.0,121.0,0.28,15.11,3.7,2.14,1,음식
오리고기,육류,,242.0,70.0,0.0,0.0,16.63,18.99,4,원재료성식품
오리고기구이,구이류,200.0,293.0,708.0,0.0,4.89,24.06,19.7,1,음식
오리고기로스,구이류,42.7,169.0,510.0,0.01,0.78,29.7,4.37,4,음식
오리백숙,찌개 및 전골류,300.0,112.0,161.0,0.25,0.5,10.59,7.5,3,음식
오리볶음,볶음류,420.0,171.0,254.0,2.65,7.3,10.47,11.27,1,음식
오리불고기,구이류,200.0,145.0,467.0,6.29,9.05,6.75,9.05,4,음식
오리알,난류,,183.0,108.0,0.0,2.41,13.39,12.4,6,원재료성식품
오리죽,죽 및 스프류,400.0,155.0,62.0,0.0,19.95,7.5,4.99,1,음식
오리탕,찌개 및 전골류,237.0,121.0,317.0,3.58,6.08,9.5,6.56,5,음식
오므라이스,밥류,400.0,173.0,433.0,3.19,20.54,6.5,7.23,6,음식
오믈렛,전·적 및 부침류,140.0,88.0,183.0,0.72,2.77,6.3,5.45,3,음식
오미자,과일류,,81.0,1.0,,12.8,2.1,3.3,2,원재료성식품
오미자차,음료 및 차류,,39.0,0.0,8.13,9.18,0.01,0.0,9,음식
오분자기,어패류 및 기타 수산물,,95.0,,4.6,4.6,13.3,2.1,1,원재료성식품
오븐스파게티,면 및 만두류,700.0,165.0,202.0,2.24,,6.46,,7,음식
오이,채소류,,14.0,3.0,1.38,3.05,1.22,0.02,4,원재료성식품
오이 도라지 생채,생채·무침류,100.0,41.0,220.0,3.71,8.78,1.3,0.52,4,음식
오이 물김치,김치류,100.0,51.0,2268.0,4.21,8.73,2.9,1.3,1,음식
오이 미역냉국,국 및 탕류,270.0,13.0,338.0,1.84,2.91,0.7,0.21,1,음식
오이고추 된장무침,생채·무침류,50.0,32.0,313.0,1.46,5.18,1.4,0.91,4,음식
오이김치,김치류,70.0,38.0,466.0,2.37,5.64,2.06,0.8,5,음식
오이나물,나물·숙채류,108.1,73.0,313.0,1.04,2.96,1.3,6.42,3,음식
오이냉국,국 및 탕류,134.4,19.0,328.0,3.48,3.92,0.5,0.09,5,음식
오이모듬무침,생채·무침류,70.0,34.0,305.0,3.85,6.89,1.4,0.58,1,음식
오이무침,생채·무침류,65.0,31.0,1070.0,4.15,5.01,1.95,0.39,8,음식
오이부추무침,생채·무침류,50.0,26.0,206.0,2.62,5.68,0.9,0.35,1,음식
오이생채,생채·무침류,65.0,51.0,498.0,4.81,6.56,1.61,2.08,20,음식
오이소박이,김치류,100.0,37.0,454.0,3.1,5.92,1.93,0.59,3,음식
오이장아찌,장아찌·절임류,57.9,14.0,740.0,1.04,2.54,0.36,0.28,3,음식
오이지,장아찌·절임류,75.0,29.0,2370.0,1.87,2.52,0.82,1.79,2,음식
오이지무침,생채·무침류,60.0,52.0,1615.0,2.78,4.21,0.96,3.51,6,음식
오징어 덮밥,밥류,900.0,91.0,137.0,1.76,14.49,5.1,1.33,5,음식
오징어국,국 및 탕류,300.0,18.0,257.0,0.24,0.73,2.22,0.73,5,음식
오징어류,어패류 및 기타 수산물,,93.0,296.0,0.19,0.21,19.2,1.7,64,원재료성식품
오징어무침,생채·무침류,82.5,62.0,162.0,5.54,7.6,5.85,0.93,10,음식
오징어미역초무침,생채·무침류,33.3,87.0,1133.0,0.65,5.24,15.0,1.72,1,음식
오징어볶음,볶음류,250.0,120.0,403.0,4.55,9.84,10.28,4.38,10,음식
오징어불고기,구이류,231.8,123.0,366.0,2.76,7.2,16.4,3.24,3,음식
오징어산적,전·적 및 부침류,80.0,127.0,596.0,1.14,4.5,21.72,2.47,1,음식
오징어순대,찜류,300.0,133.0,360.0,0.11,16.66,13.06,1.6,2,음식
오징어젓,젓갈류,10.0,60.0,2151.0,2.4,3.4,10.1,0.7,1,음식
오징어조림,조림류,151.8,137.0,1469.0,6.85,12.45,16.55,2.37,4,음식
오징어찌개,찌개 및 전골류,336.4,34.0,285.0,0.45,4.77,3.3,0.22,4,음식
오징어찜,찜류,166.1,56.0,113.0,0.73,2.61,8.5,1.32,1,음식
오징어채무침,생채·무침류,82.5,258.0,1803.0,18.71,28.41,23.6,5.53,6,음식
오징어채볶음,볶음류,100.0,275.0,975.0,20.03,29.77,22.04,7.57,5,음식
오징어채조림,조림류,50.0,240.0,1130.0,13.78,25.36,23.52,4.9,1,음식
오징어탕수,튀김류,94.4,158.0,248.0,3.54,13.13,8.3,7.51,4,음식
오징어튀김,튀김류,88.5,173.0,390.0,1.17,,9.86,,8,음식
오징어포조림,조림류,67.6,133.0,449.0,5.79,13.03,15.5,1.77,1,음식
오크라,채소류,,26.0,4.0,1.9,6.6,2.1,0.2,2,원재료성식품
옥돔구이,구이류,230.0,39.0,33.0,0.0,0.11,4.91,1.92,1,음식
옥수수,찜류,200.0,185.0,90.0,2.36,34.2,6.68,2.42,1,음식
옥수수 샐러드,곡류,,104.0,330.0,,22.4,3.2,0.2,1,원재료성식품
옥수수구이,구이류,80.0,140.0,185.0,3.53,13.6,4.4,7.41,2,음식
옥수수기름,유지류,,919.0,25.0,0.0,0.17,0.0,99.74,1,원재료성식품
옥수수기름(옥배유),식용유지류,1650.0,900.0,0.0,0.0,0.0,0.0,100.0,44,가공식품
옥수수묵,곡류,,55.0,28.0,,12.6,1.1,0.0,1,원재료성식품
옥수수밥,밥류,350.0,113.0,2.0,0.25,24.3,2.1,0.35,4,음식
옥수수부침,전·적 및 부침류,130.9,176.0,587.0,2.37,22.96,3.0,7.95,3,음식
옥수수샐러드,생채·무침류,112.4,145.0,240.0,3.0,,3.0,,7,음식
올갱이국,국 및 탕류,600.0,24.0,336.0,0.27,2.17,2.28,0.7,1,음식
올갱이국수,면 및 만두류,1500.0,38.0,258.0,1.24,7.44,0.75,0.55,1,음식
올갱이해장국,국 및 탕류,262.0,41.0,342.0,0.77,3.54,4.0,1.35,3,음식
올리브 피클,과일류,,137.0,1625.0,0.0,5.34,1.09,12.36,2,원재료성식품
올리브유,식용유지류,460.0,900.0,0.0,0.0,0.0,0.0,100.0,2626,가공식품
올스파이스,조미료류,,275.0,60.0,,54.2,24.2,2.7,1,원재료성식품
와플,빵 및 과자류,,63.0,68.0,3.7,9.09,1.13,2.5,199,음식
완두,두류,,122.0,2.0,0.0,20.78,7.27,1.1,4,원재료성식품
완두콩밥,밥류,250.0,114.0,1.0,0.14,24.47,2.2,0.33,4,음식
완자전,전·적 및 부침류,150.0,173.0,567.0,3.69,13.57,15.0,6.49,9,음식
완자조림,조림류,123.3,168.0,223.0,2.48,12.47,14.2,6.25,4,음식
왕우럭조개,어패류 및 기타 수산물,,101.0,,2.7,2.7,16.4,2.2,1,원재료성식품
왕우렁이,어패류 및 기타 수산물,,76.0,83.0,,4.92,11.25,0.84,4,원재료성식품
요구르트(액상),유제품류 및 빙과류,,61.0,16.0,2.95,8.03,1.3,2.66,23,음식
요구르트(호상),유제품류 및 빙과류,,135.0,71.0,12.35,,4.12,,4,음식
용과,과일류,,44.0,1.0,,10.3,1.0,0.4,3,원재료성식품
우거지나물무침,나물·숙채류,150.0,86.0,515.0,1.0,5.8,3.0,5.67,1,음식
우동,면 및 만두류,785.0,70.0,406.0,0.49,12.93,2.15,1.05,13,음식
우동면,면류,250.0,161.0,761.0,1.69,33.8,3.94,1.13,615,가공식품
우동볶음,면 및 만두류,300.0,128.0,257.0,0.43,24.79,2.8,2.01,1,음식
우럭,어패류 및 기타 수산물,,99.0,,2.7,2.7,16.3,2.0,1,원재료성식품
우럭 매운탕,찌개 및 전골류,478.2,29.0,144.0,0.69,2.83,3.5,0.6,2,음식
우럭구이,구이류,100.0,111.0,703.0,0.0,0.45,13.5,5.67,3,음식
우럭튀김,튀김류,61.8,289.0,1919.0,0.02,19.21,24.7,12.12,1,음식
우럭회덮밥,밥류,750.0,67.0,64.0,1.55,11.47,3.49,0.77,1,음식
우롱차,음료 및 차류,,3.0,0.0,0.0,0.47,0.23,,15,음식
우뭇가사리류,해조류,,7.0,0.0,,1.15,0.06,0.21,5,원재료성식품
우엉,채소류,,69.0,6.0,2.87,15.29,2.61,0.06,2,원재료성식품
우엉 양념구이,구이류,216.2,67.0,60.0,1.59,12.06,1.7,1.41,1,음식
우엉볶음,볶음류,72.2,65.0,185.0,1.11,6.6,1.7,3.72,4,음식
우엉조림,조림류,50.0,188.0,1174.0,28.43,34.8,4.8,3.33,5,음식
우유,유제품류 및 빙과류,100.0,73.0,23.0,10.24,11.04,2.04,2.31,3,음식
우유(멸균),유가공품류,1030.0,61.2,38.8,4.56,4.56,3.11,3.4,34,가공식품
우유튀김,튀김류,,250.0,250.0,15.0,,3.0,,1,음식
우족국물,육류,,2.0,14.0,,0.0,0.3,0.1,1,원재료성식품
울금,채소류,,87.0,11.0,3.83,15.73,1.79,2.56,1,원재료성식품
울면,면 및 만두류,1010.0,73.0,280.0,0.05,12.82,3.75,0.74,2,음식
웅어,어패류 및 기타 수산물,,169.0,,0.0,0.0,15.9,10.8,1,원재료성식품
원두/원두분말,음료류,100.0,4.0,1.0,0.0,0.7,0.2,0.02,1514,가공식품
원재료성 수산가공품,수산가공식품류,300.0,65.0,390.0,0.0,0.0,15.0,0.8,1432,가공식품
원추리,채소류,,28.0,1.0,1.78,5.09,3.22,0.29,2,원재료성식품
월계수,조미료류,,313.0,23.0,,74.97,7.61,8.36,1,원재료성식품
월남쌈,면 및 만두류,656.5,118.0,230.0,5.5,12.25,5.94,4.97,4,음식
웨이퍼,빵 및 과자류,,528.0,85.0,36.0,55.0,7.0,31.0,1,음식
위스키,주류,,284.0,1.0,0.02,0.07,0.03,0.0,1,가공식품
유과,빵 및 과자류,30.0,424.0,23.0,24.15,74.23,2.81,12.83,1,음식
유당분해우유,유가공품류,927.0,63.1,48.5,4.85,4.85,2.91,3.5,78,가공식품
유부,두부류 또는 묵류,387.5,207.0,446.0,13.0,17.0,10.0,11.0,214,가공식품
유부 된장국,국 및 탕류,277.2,66.0,274.0,0.77,2.7,4.4,4.1,2,음식
유부 초밥,밥류,298.4,199.0,134.0,2.2,27.04,5.8,6.92,3,음식
유부국,국 및 탕류,190.0,17.0,162.0,0.2,1.13,1.08,1.02,1,음식
유부조림,조림류,100.0,254.0,243.0,3.23,7.95,13.7,18.34,1,음식
유산균음료,음료류,190.0,42.0,28.0,8.89,10.0,0.39,0.0,339,가공식품
유산슬,볶음류,220.0,86.0,211.0,2.15,4.1,7.54,4.4,3,음식
유자,과일류,,49.0,3.0,4.1,12.54,0.93,0.09,3,원재료성식품
유자차,음료 및 차류,,45.0,2.0,10.87,11.3,0.0,0.0,54,음식
유채,채소류,,30.0,12.0,0.58,4.98,3.89,0.31,7,원재료성식품
유채김치,김치류,100.0,62.0,926.0,,10.1,3.5,0.8,1,음식
유채나물,나물·숙채류,85.0,96.0,1279.0,1.98,7.82,5.8,4.6,8,음식
유채무침,생채·무침류,79.2,60.0,227.0,6.2,12.47,3.4,0.67,4,음식
유채물김치,김치류,100.0,17.0,452.0,,3.0,1.0,0.1,1,음식
유채씨기름,유지류,,920.0,1.0,0.0,0.1,0.02,99.85,1,원재료성식품
유채씨유/카놀라유,식용유지류,900.0,900.0,0.0,0.0,0.0,0.0,100.0,149,가공식품
유크림,유가공품류,1000.0,335.0,30.0,3.1,3.1,2.0,35.1,69,가공식품
유함유가공품,유가공품류,330.0,178.0,85.0,11.85,16.3,2.96,11.11,194,가공식품
육개장,국 및 탕류,320.0,20.0,167.0,0.57,1.41,2.74,0.42,18,음식
육두구,조미료류,,302.0,7.0,0.0,68.57,9.66,4.01,1,원재료성식품
육수,즉석식품류,500.0,23.0,340.0,0.6,3.0,1.4,0.6,113,가공식품
육포,식육가공품 및 포장육,70.0,323.0,1195.0,21.43,21.7,37.64,9.55,520,가공식품
육회,수·조·어·육류,225.0,130.0,418.0,5.29,8.12,9.93,6.43,2,음식
육회비빔밥,밥류,700.0,115.0,77.0,0.71,17.66,3.9,2.88,1,음식
율무,곡류,,172.0,2.0,0.15,30.34,7.1,2.35,2,원재료성식품
율무느타리버섯,버섯류,,21.0,3.0,,6.4,3.6,0.3,1,원재료성식품
율무밥,밥류,270.0,118.0,2.0,0.01,25.56,2.23,0.17,4,음식
율무죽,죽 및 스프류,100.0,77.0,1.0,0.1,13.75,3.26,0.98,1,음식
율무차,음료 및 차류,100.0,62.0,51.0,3.88,,3.2,,3,음식
으깬감자,감자 및 전분류,,83.0,302.0,1.48,17.57,1.91,0.57,1,원재료성식품
으름,과일류,,158.0,,,11.9,2.0,12.9,1,원재료성식품
은대구구이,구이류,100.0,137.0,762.0,0.0,0.03,9.2,10.5,1,음식
은어,어패류 및 기타 수산물,,114.0,,0.2,0.2,16.7,4.5,9,원재료성식품
은행,견과 및 종실류,,203.0,1.0,2.95,42.78,4.69,1.53,3,원재료성식품
인삼,기타,,90.0,12.0,8.1,18.85,4.12,0.76,5,원재료성식품
인삼/홍삼음료,음료류,300.0,57.0,6.0,6.86,14.0,0.14,0.0,935,가공식품
인스턴트커피,음료류,240.0,425.0,177.0,34.0,77.0,4.2,12.5,583,가공식품
인절미,빵 및 과자류,100.0,231.0,337.0,2.81,49.69,5.52,1.15,3,음식
일반과자,과자류·빵류 또는 떡류,100.0,484.0,138.0,15.0,67.0,7.0,21.0,8099,가공식품
임산·수유부용 식품,특수영양식품,190.0,58.0,47.0,2.63,5.0,3.16,2.89,1,가공식품
임연수구이,구이류,100.0,198.0,628.0,0.0,1.4,21.52,11.76,5,음식
임연수어,어패류 및 기타 수산물,,161.0,75.0,,0.0,17.56,9.23,5,원재료성식품
임연수조림,조림류,102.3,91.0,222.0,2.6,4.5,9.9,3.44,2,음식
임연수튀김,튀김류,72.3,181.0,638.0,0.01,9.29,12.7,9.5,4,음식
잇꽃(홍화),채소류,,45.0,5.0,,9.0,3.9,0.4,1,원재료성식품
잇꽃씨기름,유지류,,892.0,0.0,,0.0,0.0,100.0,1,원재료성식품
잉어,어패류 및 기타 수산물,,113.0,,0.3,0.3,17.5,4.0,6,원재료성식품
잉어 매운탕,찌개 및 전골류,275.8,52.0,231.0,1.56,4.08,5.7,1.5,1,음식
잎새버섯,버섯류,,13.0,1.0,0.14,3.29,2.2,0.5,2,원재료성식품
자두,과일류,,44.0,0.0,8.92,11.47,0.64,0.05,4,원재료성식품
자라고기,육류,,175.0,69.0,,0.5,16.4,13.4,1,원재료성식품
자몽(그레이프프루트),과일류,,32.0,1.0,4.2,7.92,0.84,0.05,2,원재료성식품
자몽차,음료 및 차류,,30.0,1.0,7.4,7.4,0.13,0.0,63,음식
자몽홍차,음료 및 차류,,40.0,5.0,9.42,9.63,0.07,0.16,25,음식
자운영,채소류,,40.0,,,6.6,4.6,0.6,1,원재료성식품
자장라면,면류,140.0,422.0,861.0,5.22,66.96,8.7,13.04,122,가공식품
자장면,면 및 만두류,600.0,123.0,368.0,1.2,20.56,3.04,3.13,7,음식
자장밥,밥류,485.0,122.0,236.0,0.03,15.57,4.27,4.72,2,음식
작두(도두),두류,,125.0,3.0,,21.5,9.0,0.3,2,원재료성식품
잔대,채소류,,55.0,1.0,,9.9,3.4,0.9,2,원재료성식품
잔멸치 튀김,튀김류,235.6,67.0,510.0,0.0,2.9,4.0,4.12,1,음식
잔멸치볶음,볶음류,50.0,256.0,2070.0,10.62,16.94,28.24,8.32,32,음식
잔치국수,면 및 만두류,575.0,66.0,290.0,0.63,11.84,2.34,0.9,4,음식
잠두,두류,,110.0,5.0,1.82,19.65,7.6,0.4,2,원재료성식품
잡곡,곡류,,358.0,4.0,0.93,73.4,9.79,2.09,1,원재료성식품
잡곡밥,밥류,300.0,146.0,3.0,0.32,29.33,5.3,0.87,18,음식
잡곡죽,죽 및 스프류,324.6,81.0,118.0,0.48,14.21,3.5,1.17,3,음식
잡뼈국물,육류,,28.0,61.0,,0.0,4.3,1.0,1,원재료성식품
잡채,볶음류,192.0,148.0,429.0,1.5,26.13,2.34,3.78,16,음식
잡채밥,밥류,550.0,150.0,227.0,0.05,25.79,4.02,3.42,5,음식
잡탕밥,밥류,650.0,104.0,281.0,0.06,13.99,5.88,2.68,2,음식
잡탕전골,찌개 및 전골류,485.7,56.0,279.0,0.73,4.99,4.9,1.73,1,음식
잣,견과 및 종실류,,658.0,3.0,2.02,12.5,16.62,65.69,2,원재료성식품
잣죽,죽 및 스프류,259.0,125.0,126.0,0.34,22.18,2.74,2.8,3,음식
장갱이,어패류 및 기타 수산물,,90.0,,0.0,0.0,19.1,1.0,1,원재료성식품
장국국수,면 및 만두류,476.3,71.0,271.0,0.33,10.64,3.1,1.45,4,음식
장떡,전·적 및 부침류,70.0,197.0,267.0,2.26,27.28,3.67,7.64,1,음식
장수풍뎅이,기타,,502.0,40.0,0.0,19.55,44.62,27.21,1,원재료성식품
장아찌,절임류 또는 조림류,200.0,75.0,780.0,10.0,15.0,2.0,0.6,417,가공식품
장어 덮밥,밥류,500.0,95.0,80.0,0.42,15.04,3.5,1.99,2,음식
장어 양념구이,구이류,69.0,331.0,774.0,5.14,16.89,16.5,21.39,5,음식
장어 초밥,밥류,500.0,95.0,80.0,0.42,15.04,3.5,1.99,1,음식
장어구이,구이류,150.0,259.0,322.0,0.44,6.18,19.82,17.21,5,음식
장어류,어패류 및 기타 수산물,,170.0,,0.4,0.4,17.9,9.9,40,원재료성식품
장어매운탕,찌개 및 전골류,275.8,57.0,219.0,1.49,3.97,5.7,2.11,3,음식
장어탕,국 및 탕류,800.0,67.0,387.0,2.66,3.68,4.32,3.91,1,음식
장어튀김,튀김류,67.2,209.0,899.0,0.01,6.64,10.2,14.75,2,음식
장조림,조림류,100.0,127.0,1166.0,2.55,6.74,16.67,3.7,11,음식
재첩,어패류 및 기타 수산물,,94.0,,5.8,5.8,12.5,1.9,2,원재료성식품
재첩국,국 및 탕류,335.0,23.0,126.0,0.0,4.54,0.67,0.29,2,음식
잭프루트,과일류,,95.0,2.0,19.08,23.25,1.72,0.64,1,원재료성식품
잼,잼류,280.0,220.0,10.0,48.0,55.0,0.61,0.0,2761,가공식품
쟁반국수,면 및 만두류,550.0,112.0,162.0,2.88,18.84,4.1,2.36,2,음식
쟁반짜장,면 및 만두류,900.0,145.0,321.0,2.42,23.63,5.85,2.63,1,음식
적양무,채소류,,19.0,70.0,0.22,2.54,2.54,0.42,1,원재료성식품
적어구이,구이류,63.7,174.0,1203.0,0.0,0.31,20.9,9.04,2,음식
적어조림,조림류,203.9,54.0,142.0,1.09,3.33,7.0,0.95,1,음식
전,즉석식품류,300.0,180.0,290.0,2.0,22.0,7.0,7.0,400,가공식품
전갱이구이,구이류,56.0,226.0,1200.0,0.0,0.17,27.7,11.75,1,음식
전갱이류,어패류 및 기타 수산물,,133.0,,0.11,0.11,20.69,4.8,17,원재료성식품
전복류,어패류 및 기타 수산물,,85.0,,4.5,4.5,14.3,0.7,32,원재료성식품
전복죽,죽 및 스프류,300.4,79.0,158.0,0.0,9.62,1.82,3.73,4,음식
전복탕,국 및 탕류,600.0,33.0,296.0,0.22,2.63,4.47,0.5,1,음식
전분,감자 및 전분류,,356.0,2.0,0.0,85.6,0.2,0.2,7,원재료성식품
전어,어패류 및 기타 수산물,,107.0,,0.17,0.17,19.23,2.7,5,원재료성식품
전어구이,구이류,360.0,33.0,193.0,0.0,0.06,5.86,0.82,1,음식
전어조림,조림류,157.4,60.0,93.0,0.69,1.9,9.0,1.22,1,음식
전지/탈지분유,유가공품류,1000.0,500.0,340.0,40.0,40.0,25.0,27.0,15,가공식품
전통과자,과자류·빵류 또는 떡류,100.0,423.0,100.0,24.29,70.0,5.86,13.29,1944,가공식품
전호,채소류,,23.0,62.0,,4.2,3.1,0.1,1,원재료성식품
절임식품,절임류 또는 조림류,350.0,64.0,911.0,4.29,11.43,2.86,0.71,3639,가공식품
절편,빵 및 과자류,100.0,192.0,192.0,0.25,34.87,7.72,2.42,2,음식
점줄우럭,어패류 및 기타 수산물,,100.0,,0.1,0.1,19.3,1.9,3,원재료성식품
접시조개(비단조개),어패류 및 기타 수산물,,68.0,,3.0,3.0,11.9,0.6,1,원재료성식품
젓갈/액젓,수산가공식품류,100.0,130.0,930.0,4.5,17.0,11.0,2.0,1481,가공식품
정어리,수산가공식품류,155.0,148.0,452.0,0.0,2.9,11.8,10.0,30,가공식품
정향,조미료류,,367.0,32.0,2.27,71.74,12.55,3.29,1,원재료성식품
제비쑥,채소류,,35.0,,,5.0,4.5,0.7,1,원재료성식품
제육(돼지고기 수육),찜류,80.0,150.0,319.0,0.15,1.2,18.7,7.12,3,음식
제육볶음,볶음류,173.2,115.0,232.0,3.22,6.54,9.8,5.39,12,음식
젤리,빵 및 과자류,,328.0,0.0,70.0,82.0,0.0,0.0,2,음식
조,곡류,,372.0,6.0,0.79,72.57,10.78,3.74,11,원재료성식품
조개 미역국,국 및 탕류,300.0,11.0,241.0,0.07,0.97,1.5,0.24,4,음식
조개구이,구이류,180.0,130.0,454.0,3.6,10.44,17.43,2.07,1,음식
조개국,국 및 탕류,475.0,16.0,297.0,0.18,0.25,1.67,0.89,2,음식
조개젓,젓갈류,100.0,103.0,3040.0,6.46,12.61,8.61,2.05,1,음식
조개탕,국 및 탕류,300.0,12.0,111.0,0.18,0.7,1.8,0.15,1,음식
조기 양념구이,구이류,69.8,219.0,1633.0,5.69,10.96,22.1,9.3,2,음식
조기 오븐구이,구이류,80.0,39.0,33.0,0.0,0.02,5.9,1.58,2,음식
조기구이,구이류,65.0,177.0,1364.0,0.0,0.44,19.33,10.86,5,음식
조기류,어패류 및 기타 수산물,,131.0,51.0,0.0,0.0,19.02,4.04,13,원재료성식품
조기조림,조림류,300.0,128.0,590.0,1.5,4.27,13.7,6.27,1,음식
조기찌개,찌개 및 전골류,240.0,23.0,94.0,0.59,1.93,2.4,0.64,2,음식
조기찜,찜류,241.9,182.0,602.0,0.0,1.64,20.06,10.59,3,음식
조기튀김,튀김류,111.4,144.0,84.0,0.01,3.62,13.4,7.77,2,음식
조림/찜,즉석식품류,350.0,105.0,398.0,2.7,8.7,7.4,4.5,806,가공식품
조미 김구이,구이류,50.0,25.0,371.0,0.12,1.46,1.7,2.05,2,음식
조미건어포,수산가공식품류,100.0,326.0,1079.0,14.0,34.0,40.0,3.2,1357,가공식품
조뱅이,채소류,,47.0,,,10.1,4.0,0.2,1,원재료성식품
조제유류,특수영양식품,800.0,68.0,29.0,7.36,7.92,1.9,3.22,41,가공식품
족발,찜류,175.0,220.0,332.0,0.28,0.0,28.91,11.65,2,음식
주꾸미볶음,볶음류,315.0,106.0,459.0,2.53,11.41,9.16,2.6,4,음식
주꾸미삼겹살,볶음류,100.0,161.0,280.0,5.41,10.66,10.11,8.66,1,음식
주먹밥,밥류,291.0,208.0,331.0,0.6,36.2,6.0,4.4,12,음식
주먹밥/김밥/초밥,즉석식품류,214.0,171.0,426.0,2.28,26.61,4.94,4.94,5142,가공식품
죽,즉석식품류,285.0,64.0,137.0,0.57,12.0,2.0,0.97,2439,가공식품
죽순,채소류,,24.0,0.0,1.11,3.77,3.48,0.22,4,원재료성식품
죽순볶음,볶음류,58.5,120.0,214.0,2.07,3.78,13.68,5.59,3,음식
준치,어패류 및 기타 수산물,,129.0,,0.0,0.0,20.1,4.7,1,원재료성식품
줄나물,채소류,,236.0,,,41.9,29.7,1.7,1,원재료성식품
중식우동,면 및 만두류,960.0,91.0,202.0,0.82,15.29,4.73,0.84,1,음식
중식잡채,볶음류,450.0,83.0,112.0,1.13,13.58,2.3,2.24,1,음식
쥐눈이콩(검정소립콩),두류,,447.0,3.0,5.56,31.73,42.31,16.71,3,원재료성식품
쥐치류,어패류 및 기타 수산물,,96.0,124.0,,0.0,21.45,0.55,21,원재료성식품
쥐포무침,생채·무침류,21.6,298.0,1381.0,21.73,32.77,26.1,7.41,4,음식
쥐포조림,조림류,50.0,276.0,1265.0,23.37,36.12,13.03,8.86,5,음식
쥐포튀김,튀김류,77.5,357.0,717.0,7.96,42.5,9.62,16.49,3,음식
즉석 면요리,즉석식품류,330.0,152.0,443.0,2.0,22.33,5.0,4.67,2262,가공식품
즉석 빵,즉석식품류,165.5,243.0,522.0,5.56,26.48,8.91,11.22,460,가공식품
즉석 피자,즉석식품류,225.0,190.0,514.0,4.76,19.05,9.52,8.57,74,가공식품
증류주,주류,339.6,70.5,28.4,0.0,0.0,0.0,0.0,4,가공식품
증편,빵 및 과자류,100.0,200.0,284.0,3.19,44.15,3.17,1.2,1,음식
지누아릿과류,해조류,,39.0,,,13.57,4.76,0.3,3,원재료성식품
지리탕,국 및 탕류,600.0,39.0,225.0,0.23,1.72,6.95,0.45,2,음식
진달래꽃,채소류,,26.0,17.0,,6.3,1.0,0.1,1,원재료성식품
진두발,해조류,,66.0,551.0,,53.5,2.5,1.5,2,원재료성식품
진주조개,어패류 및 기타 수산물,,56.0,,1.1,1.1,10.1,0.9,1,원재료성식품
질경이,채소류,,48.0,16.0,,10.8,3.0,0.2,2,원재료성식품
짜사이무침,생채·무침류,50.0,43.0,947.0,2.8,3.66,0.4,3.04,2,음식
짜장면,면 및 만두류,575.0,105.0,295.0,1.51,20.9,4.0,1.25,4,음식
짜장밥,밥류,350.0,136.0,325.0,,21.5,6.3,2.8,5,음식
짜장소스,"장류, 양념류",200.0,100.0,541.0,4.16,12.86,4.38,3.64,4,음식
짬뽕,면 및 만두류,810.0,63.0,280.0,0.21,8.54,3.66,1.54,11,음식
짬뽕라면,면 및 만두류,765.0,91.0,91.0,0.28,12.32,3.4,2.92,1,음식
짬뽕밥,밥류,900.0,72.0,234.0,1.34,11.65,3.2,1.4,3,음식
쫄면,면 및 만두류,320.0,129.0,250.0,3.51,23.26,3.21,2.52,5,음식
쫄볶이,볶음류,630.0,150.0,652.0,3.97,29.37,4.7,1.41,1,음식
찌개/전골류,즉석식품류,500.0,59.0,447.0,0.76,4.33,4.12,2.79,1653,가공식품
차돌박이구이,구이류,100.0,488.0,93.0,0.33,1.31,17.94,45.69,1,음식
차조밥,밥류,290.0,157.0,1.0,0.04,34.86,2.84,0.65,5,음식
찰떡빵,빵 및 과자류,,274.0,225.0,14.8,45.5,4.8,8.1,9,음식
찰밥,밥류,450.0,153.0,3.0,0.49,33.56,4.39,0.18,3,음식
찰시루떡,빵 및 과자류,100.0,181.0,182.0,1.22,37.63,6.63,0.41,1,음식
참기름,식용유지류,276.0,900.0,0.0,0.0,0.0,0.0,100.0,773,가공식품
참깨,견과 및 종실류,,557.0,2.0,0.0,21.83,25.96,45.11,4,원재료성식품
참깨죽,죽 및 스프류,100.0,38.0,120.0,,5.9,1.0,1.2,1,음식
참나물,나물·숙채류,80.0,60.0,218.0,0.67,4.14,2.51,3.69,5,음식
참나물 겉절이,생채·무침류,50.0,17.0,98.0,0.48,2.43,0.8,0.72,8,음식
참나물 무침,생채·무침류,50.0,15.0,99.0,0.14,1.85,0.7,0.71,3,음식
참나물겉절이,생채·무침류,190.0,18.0,143.0,1.1,2.91,0.74,0.6,1,음식
참마자,어패류 및 기타 수산물,,90.0,,0.3,0.3,17.7,1.5,1,원재료성식품
참반디,채소류,,288.0,6.0,,65.7,12.6,2.7,1,원재료성식품
참빗살나무,채소류,,61.0,2.0,,10.3,7.4,0.7,1,원재료성식품
참외,과일류,,40.0,2.0,8.82,10.49,0.59,0.04,2,원재료성식품
참죽나물(가죽나물),채소류,,47.0,3.0,1.41,7.52,6.31,0.58,4,원재료성식품
참치,수산가공식품류,150.0,179.0,443.0,0.0,1.43,17.14,11.43,220,가공식품
참치 미역국,국 및 탕류,320.0,28.0,250.0,0.0,0.75,2.7,1.75,3,음식
참치 샐러드,생채·무침류,67.7,250.0,189.0,1.52,2.67,13.6,20.6,4,음식
참치 완자전,전·적 및 부침류,57.8,220.0,962.0,1.73,14.84,18.8,8.84,1,음식
참치강정,튀김류,78.7,353.0,948.0,6.87,23.55,30.3,14.12,2,음식
참치구이,구이류,64.4,193.0,459.0,0.0,1.4,26.56,8.98,3,음식
참치덮밥,밥류,580.0,108.0,341.0,2.05,15.91,5.8,2.13,1,음식
참치죽,죽 및 스프류,600.0,82.0,168.0,0.17,13.07,3.02,2.01,5,음식
참치찌개,찌개 및 전골류,348.6,42.0,306.0,1.28,3.05,5.4,0.97,3,음식
참치회덮밥,밥류,600.0,76.0,88.0,1.65,12.14,4.73,0.81,1,음식
찹쌀,곡류,,357.0,1.0,0.39,76.22,7.14,2.18,16,원재료성식품
찹쌀 국수,곡류,,334.0,1975.0,,74.6,8.1,0.3,1,원재료성식품
찹쌀떡,빵 및 과자류,100.0,263.0,225.0,2.5,47.5,5.0,5.5,8,음식
찹쌀밥,곡류,,155.0,1.0,0.0,33.93,2.58,0.33,3,원재료성식품
찹쌀죽,죽 및 스프류,291.9,63.0,130.0,0.05,13.39,1.1,0.27,1,음식
채소 꼬치구이,구이류,150.0,91.0,406.0,0.98,14.29,2.8,2.3,1,음식
채소가공품,농산가공식품류,122.5,75.0,20.0,1.0,16.0,2.0,0.5,3159,가공식품
채소밥,밥류,267.3,114.0,134.0,0.35,23.06,2.6,0.91,3,음식
채소전,전·적 및 부침류,121.2,194.0,322.0,2.4,21.6,5.4,9.5,6,음식
채소죽,죽 및 스프류,400.0,43.0,224.0,0.17,7.62,1.69,0.69,7,음식
채소튀김,튀김류,70.8,214.0,798.0,1.27,25.35,3.4,10.51,4,음식
천마,감자 및 전분류,,77.0,8.0,,18.5,0.9,0.0,2,원재료성식품
천사채무침,생채·무침류,220.0,73.0,248.0,0.65,2.95,3.3,5.51,4,음식
청각,해조류,,10.0,288.0,,3.32,0.91,0.33,4,원재료성식품
청경채,채소류,,11.0,15.0,0.0,1.81,1.6,0.13,3,원재료성식품
청경채나물,나물·숙채류,100.0,14.0,156.0,0.23,1.59,1.06,0.58,1,음식
청국장,장류,135.0,192.0,141.0,0.0,16.16,18.18,6.47,68,가공식품
청국장찌개,찌개 및 전골류,240.0,80.0,273.0,0.88,3.32,5.58,4.88,10,음식
청둥오리알,난류,,178.0,,,1.0,13.6,12.3,1,원재료성식품
청어,어패류 및 기타 수산물,,176.0,538.0,,0.2,17.5,9.0,43,원재료성식품
청어구이,구이류,200.0,129.0,391.0,0.0,0.22,8.2,10.03,1,음식
청주,주류,190.0,132.0,3.0,3.11,4.24,0.41,0.0,4,가공식품
청포묵 무침,생채·무침류,120.0,53.0,275.0,0.85,7.38,2.0,2.18,4,음식
청포묵국,국 및 탕류,142.6,44.0,55.0,0.16,2.16,2.9,2.62,1,음식
청포묵무침,생채·무침류,90.0,53.0,271.0,0.85,7.48,1.96,2.16,3,음식
체리,과일류,,67.0,1.0,6.8,16.9,1.59,0.06,1,원재료성식품
체중조절용 조제식품,특수영양식품,205.0,370.0,400.0,6.0,42.0,44.0,4.8,880,가공식품
체중조절용 즉석식품,즉석식품류,50.0,362.0,298.0,14.0,60.0,26.0,6.2,3,가공식품
초간장,"장류, 양념류",15.0,72.0,3189.0,0.0,11.33,6.6,0.0,4,음식
초당순두부,국 및 탕류,900.0,58.0,134.0,0.1,1.76,5.46,3.24,1,음식
초밥,밥류,250.0,159.0,414.0,5.2,31.5,6.97,0.53,11,음식
초석잠,채소류,,76.0,1.0,0.17,17.0,2.3,0.56,1,원재료성식품
초어,어패류 및 기타 수산물,,89.0,,0.2,0.2,17.1,1.7,1,원재료성식품
초코소라빵,빵 및 과자류,70.0,319.0,215.0,9.29,51.76,3.29,10.93,1,음식
초코파이,코코아가공품류 또는 초콜릿류,300.0,455.0,226.0,29.03,48.39,6.45,24.19,116,가공식품
초콜릿,빵 및 과자류,,611.0,64.0,36.36,40.0,9.09,,9,음식
초콜릿과자,코코아가공품류 또는 초콜릿류,108.0,521.0,100.0,38.0,59.0,6.0,29.0,4552,가공식품
총각김치,김치류,100.0,42.0,630.0,3.0,7.89,1.92,0.29,1,음식
총각무,채소류,,22.0,29.0,2.19,5.18,1.38,0.07,3,원재료성식품
추어탕,찌개 및 전골류,353.2,32.0,264.0,0.0,2.68,2.27,1.32,6,음식
추출가공식품,동물성가공식품류,100.0,22.0,13.0,1.68,4.68,0.75,0.05,92,가공식품
춘장,장류,300.0,186.0,3980.0,13.0,28.4,10.9,3.1,42,가공식품
충무김밥,밥류,363.5,146.0,324.0,4.3,27.29,5.86,1.49,2,음식
취나물,나물·숙채류,85.0,44.0,235.0,0.84,4.12,3.08,1.66,8,음식
취나물무침,나물·숙채류,75.0,148.0,564.0,0.0,6.61,2.75,12.31,10,음식
츄러스,빵 및 과자류,105.0,334.0,378.0,12.97,49.95,5.21,12.49,43,음식
치아바타,빵 및 과자류,,276.0,530.0,3.24,45.95,7.57,6.49,11,음식
치아씨,견과 및 종실류,,486.0,16.0,,42.12,16.54,30.74,1,원재료성식품
치자꽃,기타,,66.0,8.0,,14.9,1.3,0.1,1,원재료성식품
치즈,유제품류 및 빙과류,,301.0,484.0,10.45,,5.97,,6,음식
치즈 스파게티,면 및 만두류,700.0,99.0,133.0,2.14,15.18,4.5,2.09,3,음식
치즈볼,튀김류,100.0,333.0,532.0,5.48,28.66,9.56,20.0,11,음식
치즈빵,빵 및 과자류,,332.0,343.0,11.68,40.15,8.76,16.06,66,음식
치즈스틱,튀김류,100.0,329.0,596.0,1.84,20.57,12.59,21.85,11,음식
치커리,채소류,,20.0,47.0,0.18,3.45,2.08,0.37,5,원재료성식품
치커리 겉절이,생채·무침류,32.4,58.0,506.0,0.66,6.18,2.9,3.01,3,음식
치커리겉절이,생채·무침류,180.0,22.0,160.0,1.89,3.51,0.72,0.73,1,음식
치커리무침,생채·무침류,151.1,16.0,171.0,0.69,2.35,0.8,0.48,1,음식
치커리차,차류,,369.0,175.0,,84.6,7.3,0.2,1,원재료성식품
치킨,즉석식품류,241.0,241.0,544.0,7.75,23.24,8.45,12.68,380,가공식품
치킨가스,튀김류,200.0,296.0,390.0,2.08,22.01,13.96,16.96,1,음식
치킨데리야끼,구이류,117.3,208.0,267.0,0.11,15.21,16.54,9.01,4,음식
칠리,조미료류,,363.0,52.0,,79.8,8.8,1.1,1,원재료성식품
칠면조고기,육류,,144.0,112.0,0.07,0.13,21.64,5.64,2,원재료성식품
칠면조구이,구이류,42.7,207.0,551.0,0.11,0.96,30.6,7.98,1,음식
칠면초,채소류,,27.0,673.0,,5.0,2.7,0.3,1,원재료성식품
칡뿌리,감자 및 전분류,,137.0,0.0,3.58,32.05,2.48,0.1,1,원재료성식품
칡즙,감자 및 전분류,,21.0,3.0,1.51,4.91,0.44,0.0,1,원재료성식품
침출차,음료류,100.0,1.0,1.0,0.0,0.01,0.36,0.0,72,가공식품
카레,조미식품,230.0,135.0,565.0,5.29,8.24,4.71,9.41,375,가공식품
카레라이스,밥류,586.0,108.0,210.0,0.16,20.74,3.11,1.4,12,음식
카레소스,"장류, 양념류",290.0,136.0,264.0,2.86,6.02,9.16,8.38,6,음식
카모마일차,차류,,1.0,1.0,0.0,0.2,0.0,0.0,1,원재료성식품
카스텔라,빵 및 과자류,70.0,329.0,210.0,21.9,37.14,5.71,18.1,27,음식
카페라떼,음료 및 차류,355.0,51.0,20.0,5.25,6.9,1.7,1.83,3,음식
카페모카,음료 및 차류,355.0,74.0,28.0,8.94,12.7,1.9,1.9,4,음식
칼국수,면 및 만두류,892.5,70.0,262.0,0.42,13.77,2.53,0.51,26,음식
캐러멜,과자류·빵류 또는 떡류,110.0,414.0,34.0,55.91,81.82,2.27,8.86,490,가공식품
캔디,빵 및 과자류,,392.0,10.0,68.0,,0.0,,2,음식
캘리포니아롤,밥류,300.0,163.0,432.0,2.97,29.74,4.11,3.02,1,음식
커피,음료 및 차류,100.0,46.0,22.0,5.08,5.72,1.41,1.77,1825,음식
커피(타먹는커피),음료 및 차류,100.0,51.0,2.0,6.15,9.81,0.5,1.17,1,음식
케이크,빵 및 과자류,100.0,325.0,100.0,17.5,30.0,5.0,20.0,657,음식
케일,채소류,,26.0,47.0,0.0,4.61,3.11,0.24,5,원재료성식품
코끼리조개,어패류 및 기타 수산물,,103.0,250.0,,9.49,12.58,1.21,1,원재료성식품
코다리조림,조림류,87.4,86.0,466.0,3.67,4.16,16.46,0.4,10,음식
코다리찜,찜류,200.0,94.0,620.0,2.5,6.08,14.49,1.35,5,음식
코리아타임,조미료류,,378.0,76.0,,79.2,1.4,6.2,1,원재료성식품
코코넛,견과 및 종실류,,660.0,37.0,7.35,23.65,6.88,64.53,2,원재료성식품
코코넛유,유지류,,918.0,18.0,0.0,0.33,0.0,99.67,1,원재료성식품
코코아,음료 및 차류,,114.0,51.0,7.1,11.61,3.23,6.13,16,음식
코코아매스,코코아가공품류 또는 초콜릿류,1000.0,571.0,10.0,0.5,7.0,12.0,55.0,6,가공식품
콘치즈구이,구이류,150.7,224.0,313.0,7.31,17.56,9.51,12.85,5,음식
콜라비,채소류,,22.0,7.0,1.55,5.16,1.16,0.05,1,원재료성식품
콤부차,음료 및 차류,,32.0,2.0,7.87,,0.0,,10,음식
콩(대두),두류,,407.0,3.0,6.44,32.45,36.1,15.37,17,원재료성식품
콩국수,면 및 만두류,475.0,81.0,67.0,0.24,8.92,3.9,3.35,5,음식
콩기름,유지류,,921.0,0.0,0.0,0.0,0.0,99.96,1,원재료성식품
콩기름(대두유),식용유지류,100.0,900.0,0.0,0.0,0.0,0.0,100.0,487,가공식품
콩나물,채소류,,43.0,3.0,0.47,3.44,4.66,1.19,3,원재료성식품
콩나물 국밥,밥류,830.0,60.0,58.0,0.42,10.69,2.6,0.73,2,음식
콩나물 느타리무침,생채·무침류,72.1,45.0,175.0,0.58,4.25,3.0,2.8,4,음식
콩나물 된장국,국 및 탕류,242.2,23.0,255.0,0.42,2.07,2.8,0.68,2,음식
콩나물 선짓국,국 및 탕류,767.0,21.0,146.0,0.29,1.79,3.1,0.34,3,음식
콩나물 황태국,국 및 탕류,300.0,30.0,129.0,0.3,0.99,4.6,0.87,4,음식
콩나물국,국 및 탕류,270.0,6.0,219.0,0.16,0.61,0.74,0.09,19,음식
콩나물국밥,밥류,830.0,60.0,58.0,0.42,10.69,2.66,0.73,1,음식
콩나물냉채,생채·무침류,50.0,59.0,167.0,4.89,9.85,3.8,1.3,6,음식
콩나물무침,나물·숙채류,50.0,69.0,387.0,0.5,3.2,3.86,4.54,30,음식
콩나물밥,밥류,350.0,123.0,272.0,0.04,22.39,4.68,1.58,8,음식
콩나물잡채,볶음류,112.3,43.0,120.0,1.96,4.01,2.2,2.49,4,음식
콩나물찌개,찌개 및 전골류,250.0,12.0,219.0,0.13,1.09,1.6,0.37,1,음식
콩나물찜,찜류,200.0,56.0,223.0,0.0,4.97,6.67,1.01,1,음식
콩밥,밥류,200.0,173.0,25.0,0.1,38.04,4.38,0.39,3,음식
콩비지찌개,찌개 및 전골류,320.0,69.0,289.0,3.25,3.57,6.74,3.08,4,음식
콩잎,채소류,,94.0,,,21.0,6.6,0.3,1,원재료성식품
콩조림,조림류,95.0,198.0,620.0,6.45,22.36,13.5,6.44,4,음식
콩조림(콩자반),조림류,65.0,281.0,868.0,3.53,34.83,17.97,7.73,2,음식
퀴노아,곡류,,363.0,0.0,1.34,72.62,9.56,3.26,1,원재료성식품
크랜베리,과일류,,46.0,2.0,4.27,11.97,0.46,0.13,2,원재료성식품
크로와상,빵 및 과자류,150.0,358.0,271.0,16.92,46.15,7.69,13.85,96,음식
크로켓,과자류·빵류 또는 떡류,710.0,160.0,310.0,4.0,32.0,4.0,1.8,209,가공식품
크로켓(고로케),빵 및 과자류,100.0,304.0,391.0,6.09,32.17,6.09,16.52,62,음식
크로플,빵 및 과자류,,275.0,203.0,15.83,33.33,5.0,12.5,162,음식
크릴류,어패류 및 기타 수산물,,76.0,,0.2,0.2,12.1,2.6,3,원재료성식품
크림발효유,유가공품류,150.0,132.0,52.0,4.0,4.0,6.6,10.0,13,가공식품
크림빵,빵 및 과자류,,329.0,238.0,15.24,40.0,5.71,17.14,113,음식
큰구슬우렁이(골뱅이),어패류 및 기타 수산물,,119.0,490.0,,9.03,18.13,0.55,2,원재료성식품
큰논우렁이,어패류 및 기타 수산물,,71.0,,4.9,4.9,9.8,1.0,1,원재료성식품
큰느타리버섯(새송이버섯),버섯류,,20.0,5.0,0.33,6.56,2.91,0.19,6,원재료성식품
클로렐라,해조류,,97.0,,,25.7,45.3,7.2,1,원재료성식품
키위,과일류,,66.0,2.0,6.73,16.08,0.93,0.63,2,원재료성식품
키조개,어패류 및 기타 수산물,,70.0,,1.94,1.94,12.36,1.1,7,원재료성식품
키조개구이,구이류,100.0,75.0,881.0,0.66,1.86,8.7,3.41,1,음식
타라곤,조미료류,,295.0,62.0,,50.22,22.77,7.24,1,원재료성식품
타르트,빵 및 과자류,,280.0,220.0,10.0,28.0,4.0,16.0,23,음식
타임,조미료류,,364.0,53.0,,75.2,5.6,5.6,1,원재료성식품
탄산수,음료류,500.0,0.0,1.0,0.0,0.0,0.0,0.0,222,가공식품
탄산음료,음료 및 차류,,53.0,2.0,11.73,12.79,0.0,,10,음식
탄탄면,면 및 만두류,599.0,174.0,339.0,3.1,21.0,5.73,7.4,1,음식
탕수어,튀김류,113.5,281.0,322.0,8.41,38.96,12.6,7.71,3,음식
탕수육,튀김류,177.6,116.0,492.0,6.44,13.02,6.65,4.2,6,음식
탕평채,생채·무침류,100.0,97.0,260.0,0.39,12.26,3.55,3.81,5,음식
탱자,과일류,,84.0,2.0,,18.5,1.3,1.5,1,원재료성식품
토끼고기,육류,,161.0,50.0,0.62,0.0,20.97,7.68,4,원재료성식품
토란,감자 및 전분류,,71.0,2.0,0.0,15.77,2.08,0.14,3,원재료성식품
토란국,국 및 탕류,320.0,16.0,190.0,0.27,2.61,1.0,0.12,4,음식
토란대,채소류,,16.0,1.0,1.52,4.25,0.28,0.05,4,원재료성식품
토란대나물,나물·숙채류,50.0,32.0,174.0,1.12,3.88,0.9,1.68,1,음식
토란대나물무침,나물·숙채류,90.0,68.0,222.0,0.39,4.22,5.14,3.38,1,음식
토마토,채소류,,19.0,2.0,2.74,4.78,0.66,0.03,8,원재료성식품
토마토케첩,조미식품,442.5,105.0,980.0,19.2,24.0,1.7,0.0,129,가공식품
토스카노(잎브로콜리),채소류,,40.0,189.0,,6.7,4.7,0.6,1,원재료성식품
토스트,빵 및 과자류,,285.0,449.0,9.47,43.16,6.32,11.58,34,음식
토스트(식빵),빵 및 과자류,230.3,84.0,140.0,2.61,15.55,2.5,1.33,1,음식
토스트/샌드위치,과자류·빵류 또는 떡류,120.0,288.0,474.0,6.41,30.77,8.98,14.1,266,가공식품
톳,해조류,,16.0,,4.0,5.0,1.9,0.4,12,원재료성식품
톳나물,나물·숙채류,60.0,30.0,156.0,0.18,2.55,2.67,1.6,2,음식
톳나물무침,생채·무침류,90.0,75.0,600.0,6.94,12.28,1.87,2.09,1,음식
통구멍류,어패류 및 기타 수산물,,76.0,,0.2,0.2,17.4,0.2,2,원재료성식품
통치,어패류 및 기타 수산물,,138.0,,0.1,0.1,20.0,5.7,1,원재료성식품
투라치,어패류 및 기타 수산물,,79.0,,0.5,0.5,18.1,0.1,1,원재료성식품
퉁퉁마디(함초),채소류,,19.0,1409.0,0.0,3.97,1.4,0.15,2,원재료성식품
퉁퉁마디환(함초환),채소류,,262.0,7935.0,0.94,52.6,9.28,6.14,1,원재료성식품
튀김,즉석식품류,1000.0,190.0,400.0,1.0,29.0,4.0,7.0,472,가공식품
트위스터 샌드위치,빵 및 과자류,380.6,56.0,124.0,0.68,3.3,3.6,2.96,3,음식
틸라피아,어패류 및 기타 수산물,,127.0,28.0,,0.24,24.44,2.47,4,원재료성식품
파,채소류,,31.0,2.0,2.74,7.27,1.71,0.17,5,원재료성식품
파강회,"채소, 해조류",85.0,42.0,276.0,3.39,6.33,1.2,1.71,1,음식
파김치,김치류,100.0,49.0,655.0,2.8,8.51,2.5,0.58,1,음식
파드득나물(삼엽채),채소류,,25.0,15.0,,5.5,1.8,0.1,1,원재료성식품
파래류,해조류,,12.0,122.0,0.04,2.95,2.18,0.15,14,원재료성식품
파래무침,생채·무침류,39.9,49.0,736.0,1.73,4.97,3.53,1.7,8,음식
파래볶음,볶음류,50.7,61.0,60.0,0.09,1.88,1.2,5.96,3,음식
파래전,전·적 및 부침류,40.0,197.0,283.0,0.83,31.77,4.74,5.03,1,음식
파무침,생채·무침류,85.0,82.0,502.0,7.08,10.65,2.31,3.36,6,음식
파스타,면류,500.0,350.0,0.0,3.0,71.0,13.0,1.5,1900,가공식품
파슬리,조미료류,,20.0,10.0,0.44,3.37,2.36,0.26,2,원재료성식품
파운드케이크,빵 및 과자류,170.0,404.0,60.0,20.91,44.55,4.55,,9,음식
파이/만주,빵 및 과자류,85.0,403.0,200.0,22.5,45.0,6.25,21.25,48,음식
파이/타르트,과자류·빵류 또는 떡류,140.0,380.0,181.0,19.61,40.71,5.55,21.68,1572,가공식품
파인애플,과일류,,53.0,0.0,10.92,14.05,0.48,0.06,3,원재료성식품
파전,전·적 및 부침류,150.0,195.0,231.0,0.52,23.2,4.56,9.35,9,음식
파파야,과일류,,23.0,5.0,1.73,5.95,0.45,0.05,2,원재료성식품
파프리카,조미료류,,520.0,15.0,,47.5,5.7,38.5,1,원재료성식품
파프리카(착색단고추),채소류,,27.0,0.0,5.38,6.45,1.06,0.12,9,원재료성식품
팔보채,볶음류,220.0,90.0,856.0,2.09,3.42,12.42,2.9,3,음식
팜유,식용유지류,1420.0,900.0,0.0,0.0,0.0,0.0,100.0,18,가공식품
팝콘,"곡류, 서류 제품",100.0,479.0,105.0,27.42,69.79,5.92,19.56,2,음식
팟타이,면 및 만두류,338.0,146.0,270.0,5.41,18.54,3.98,6.2,2,음식
팥,두류,,335.0,2.0,0.45,58.56,21.82,1.07,11,원재료성식품
팥밥,밥류,275.0,119.0,1.0,0.15,25.45,2.5,0.34,4,음식
팥빙수,유제품류 및 빙과류,300.0,118.0,29.0,19.37,,1.88,,4,음식
팥빵,빵 및 과자류,,313.0,173.0,25.5,46.5,6.5,11.5,46,음식
팥죽,죽 및 스프류,259.0,81.0,127.0,0.02,16.66,3.17,0.19,5,음식
팬케이크/크레이프,과자류·빵류 또는 떡류,300.0,267.0,104.0,16.3,29.2,4.8,14.5,413,가공식품
팽이버섯,버섯류,,21.0,3.0,0.18,6.59,3.01,0.37,5,원재료성식품
팽창제,기타,,307.0,120.0,0.1,43.1,37.1,6.8,1,원재료성식품
펄조개,어패류 및 기타 수산물,,74.0,,6.0,6.0,9.4,1.0,1,원재료성식품
페이스트리,빵 및 과자류,70.0,384.0,337.0,10.53,30.53,6.32,25.26,79,음식
페퍼민트,조미료류,,70.0,31.0,,14.89,3.75,0.94,1,원재료성식품
포도,과일류,,57.0,1.0,11.9,15.08,0.5,0.1,29,원재료성식품
포도당,당류,,342.0,,88.2,91.0,0.0,0.0,1,원재료성식품
포도씨유,식용유지류,920.0,900.0,0.0,0.0,0.0,0.0,100.0,69,가공식품
포도즙,과일류,,48.0,1.0,9.71,12.62,0.66,0.01,1,원재료성식품
포타벨라,버섯류,,16.0,10.0,,4.6,3.3,0.1,1,원재료성식품
폭찹,볶음류,99.0,124.0,164.0,3.49,5.73,12.2,5.35,2,음식
표고버섯,버섯류,,32.0,3.0,0.88,12.36,3.25,0.24,19,원재료성식품
표고버섯볶음,볶음류,110.0,34.0,144.0,0.95,4.0,1.7,2.06,4,음식
푸딩,과자류·빵류 또는 떡류,140.0,100.0,56.0,19.0,23.0,0.1,0.6,181,가공식품
풀가사리류,해조류,,152.0,,55.7,58.0,16.5,0.6,1,원재료성식품
풀버섯,버섯류,,15.0,4.0,,4.6,2.7,0.1,1,원재료성식품
풀빵,과자류·빵류 또는 떡류,400.0,252.0,244.0,13.0,42.0,5.0,7.0,405,가공식품
풋고추된장무침,생채·무침류,50.0,124.0,183.0,8.43,12.0,2.37,7.35,4,음식
풋고추볶음,볶음류,100.0,70.0,276.0,4.34,8.25,1.93,3.23,1,음식
풋고추찜,찜류,125.0,51.0,708.0,1.44,8.27,2.31,0.99,2,음식
풋마늘,채소류,,30.0,2.0,2.31,7.28,1.82,0.29,2,원재료성식품
풋마늘무침,생채·무침류,81.6,71.0,477.0,5.95,11.27,4.14,1.04,3,음식
프레즐,빵 및 과자류,100.0,312.0,215.0,7.94,55.14,8.37,6.45,57,음식
프로폴리스,기타,,642.0,19.0,,46.9,0.5,50.3,1,원재료성식품
플럼코트,과일류,,47.0,0.0,7.5,9.97,0.61,1.05,1,원재료성식품
피,곡류,,376.0,10.0,,73.9,8.5,4.6,1,원재료성식품
피라미,어패류 및 기타 수산물,,105.0,,0.2,0.2,18.5,2.8,1,원재료성식품
피망,채소류,,28.0,1.0,3.02,6.94,1.17,0.09,4,원재료성식품
피망볶음,볶음류,60.8,84.0,335.0,1.72,8.08,1.3,5.33,2,음식
피스타치오넛,견과 및 종실류,,584.0,4.0,8.15,20.82,25.99,48.89,2,원재료성식품
피자,빵 및 과자류,857.0,256.0,465.0,4.0,27.48,12.0,10.86,4710,음식
피자빵,빵 및 과자류,200.0,220.0,497.0,4.1,24.61,8.21,9.74,18,음식
피조개무침,생채·무침류,125.0,52.0,223.0,3.72,6.07,4.71,0.95,2,음식
피칸,견과 및 종실류,,691.0,0.0,3.97,13.86,9.17,71.97,1,원재료성식품
하이라이스,밥류,360.0,112.0,246.0,0.0,21.34,4.02,1.13,3,음식
학공치,어패류 및 기타 수산물,,94.0,,0.7,0.7,17.8,1.7,2,원재료성식품
함박스테이크,구이류,157.0,189.0,344.0,4.64,13.88,9.9,10.46,7,음식
함박스테이크/미트볼,즉석식품류,220.0,166.0,406.0,2.48,11.39,9.41,8.91,180,가공식품
핫도그,빵 및 과자류,100.0,265.0,571.0,6.06,22.42,8.48,15.76,61,음식
핫케이크,빵 및 과자류,222.0,193.0,339.0,5.54,30.48,4.7,5.18,1,음식
해면류,어패류 및 기타 수산물,,29.0,,,2.55,3.29,0.46,4,원재료성식품
해물 덮밥,밥류,572.0,78.0,68.0,0.69,14.15,3.8,0.39,1,음식
해물 된장국,국 및 탕류,273.8,38.0,319.0,0.66,1.94,5.9,0.65,4,음식
해물 매운탕,찌개 및 전골류,650.0,33.0,170.0,0.5,1.82,5.5,0.53,2,음식
해물 스파게티,면 및 만두류,700.0,82.0,105.0,1.91,12.76,4.8,1.13,3,음식
해물 완자전,전·적 및 부침류,65.0,206.0,147.0,1.85,10.64,15.4,10.71,4,음식
해물 채소전,전·적 및 부침류,60.0,195.0,267.0,1.24,18.92,10.7,7.77,1,음식
해물볶음,볶음류,168.7,105.0,439.0,1.85,8.05,9.55,3.83,4,음식
해물전골,찌개 및 전골류,500.0,26.0,178.0,0.52,1.95,3.2,0.64,1,음식
해물찜,찜류,771.0,80.0,427.0,1.1,7.08,8.52,1.96,3,음식
해물칼국수,면 및 만두류,1100.0,77.0,252.0,0.22,14.64,3.09,0.4,1,음식
해물콩나물찜,찜류,489.6,48.0,191.0,0.94,4.77,6.3,0.8,2,음식
해물탕,찌개 및 전골류,908.0,33.0,402.0,0.86,2.02,4.11,0.96,2,음식
해물파전,전·적 및 부침류,140.8,205.0,295.0,2.02,17.29,6.81,12.09,4,음식
해바라기,채소류,,9.0,36.0,,0.9,2.2,0.1,1,원재료성식품
해바라기씨,견과 및 종실류,,589.0,2.0,2.68,18.58,21.93,52.26,2,원재료성식품
해바라기씨유,식용유지류,920.0,900.0,0.0,0.0,0.0,0.0,100.0,235,가공식품
해바라기유,유지류,,919.0,2.0,0.0,0.2,0.0,99.76,1,원재료성식품
해삼,어패류 및 기타 수산물,,38.0,6000.0,,2.4,4.9,0.5,15,원재료성식품
해신탕,찌개 및 전골류,100.0,57.0,266.0,0.41,2.03,7.93,1.88,1,음식
해장국,국 및 탕류,800.0,26.0,342.0,0.42,2.25,1.98,0.98,7,음식
해초무침,생채·무침류,100.0,39.0,862.0,3.95,8.52,0.95,0.16,1,음식
해파리냉채,생채·무침류,85.0,31.0,321.0,3.23,5.64,1.5,0.46,3,음식
해파리류,어패류 및 기타 수산물,,23.0,4522.0,,1.75,3.39,0.18,3,원재료성식품
햄,식육가공품 및 포장육,120.0,180.0,456.0,0.5,3.6,17.5,10.3,3326,가공식품
햄구이,구이류,42.0,148.0,743.0,1.5,1.95,20.2,6.51,4,음식
햄버거,빵 및 과자류,210.0,236.0,448.0,4.89,22.71,10.53,11.45,133,음식
햄볶음,볶음류,220.0,183.0,803.0,3.33,9.6,10.47,11.37,1,음식
햄부침,전·적 및 부침류,80.5,244.0,716.0,1.0,11.3,11.3,17.1,5,음식
햄샌드위치,빵 및 과자류,180.8,192.0,289.0,2.16,19.19,5.4,10.38,4,음식
햄샐러드,생채·무침류,119.5,149.0,178.0,5.87,16.65,4.4,7.38,4,음식
햄전,전·적 및 부침류,63.5,241.0,731.0,1.26,8.44,19.54,13.5,2,음식
햄채소볶음,볶음류,122.5,68.0,335.0,1.99,3.82,6.3,3.03,4,음식
향미유,식용유지류,250.0,900.0,0.0,0.0,0.0,0.0,100.0,1277,가공식품
향신료,조미식품,200.0,180.0,1175.0,4.4,30.3,8.4,2.8,563,가공식품
향어(이스라엘잉어),어패류 및 기타 수산물,,178.0,,0.3,0.3,16.8,11.2,7,원재료성식품
허니브레드,빵 및 과자류,,365.0,313.0,4.17,53.13,10.42,12.5,50,음식
허브차,음료 및 차류,,0.0,1.0,0.0,0.0,0.0,0.0,164,음식
현미밥,밥류,290.0,172.0,2.0,0.0,38.9,3.1,0.47,8,음식
현미죽,죽 및 스프류,100.0,64.0,1.0,0.4,15.2,1.2,0.4,1,음식
호두,견과 및 종실류,,688.0,3.0,0.0,7.92,15.47,71.99,2,원재료성식품
호두과자,과자류·빵류 또는 떡류,320.0,305.0,150.0,21.0,47.0,7.0,10.0,178,가공식품
호두유,유지류,,917.0,0.0,0.0,0.39,0.0,99.57,1,원재료성식품
호떡,빵 및 과자류,104.0,314.0,211.0,0.73,57.12,5.41,7.07,11,음식
호밀,곡류,,324.0,1.0,0.9,75.8,8.5,1.6,2,원재료성식품
호밀빵,빵 및 과자류,,263.0,300.0,2.67,37.33,8.0,8.0,5,음식
호박,채소류,,38.0,1.0,3.5,8.49,0.88,0.17,23,원재료성식품
호박 된장국,국 및 탕류,170.0,17.0,212.0,0.49,2.17,1.2,0.4,4,음식
호박고지볶음,볶음류,120.0,104.0,911.0,9.98,20.28,2.4,2.17,1,음식
호박나물,나물·숙채류,62.5,38.0,213.0,1.44,3.16,0.7,2.71,2,음식
호박볶음,볶음류,70.0,34.0,144.0,1.78,3.68,0.86,1.96,2,음식
호박씨,견과 및 종실류,,548.0,6.0,0.0,5.34,35.35,48.18,1,원재료성식품
호박씨분말,농산가공식품류,,385.0,60.0,1.4,4.9,65.0,9.3,1,가공식품
호박오가리나물무침,나물·숙채류,100.0,201.0,1849.0,6.82,21.46,6.14,10.01,1,음식
호박잎 된장국,국 및 탕류,180.0,17.0,183.0,0.54,2.53,1.3,0.37,1,음식
호박전,전·적 및 부침류,65.0,139.0,185.0,1.9,10.73,4.32,8.73,4,음식
호박죽,죽 및 스프류,345.9,49.0,42.0,3.56,6.58,1.93,1.71,5,음식
호박즙,채소류,,21.0,0.0,3.53,4.73,0.64,0.0,1,원재료성식품
호박찌개,찌개 및 전골류,290.0,32.0,341.0,1.93,4.07,1.87,0.87,2,음식
호빵/찐빵,과자류·빵류 또는 떡류,360.0,237.0,257.0,12.86,48.57,7.14,1.57,354,가공식품
혼합식물성유,유지류,,886.0,0.0,,0.0,0.0,100.0,1,원재료성식품
혼합식용유,식용유지류,1000.0,900.0,0.0,0.0,0.0,0.0,100.0,269,가공식품
혼합잡곡밥,밥류,250.0,118.0,1.0,0.2,25.21,2.4,0.42,4,음식
혼합장,장류,430.0,195.0,3030.0,18.0,32.0,9.0,3.4,652,가공식품
홍어류,어패류 및 기타 수산물,,123.0,208.0,,0.0,25.96,1.44,4,원재료성식품
홍어무침,생채·무침류,200.0,99.0,401.0,7.23,12.98,8.93,1.32,1,음식
홍어찌개,찌개 및 전골류,625.0,51.0,84.0,0.79,3.15,7.7,0.97,1,음식
홍어찜,찜류,250.0,41.0,267.0,0.29,1.49,7.2,0.54,1,음식
홍어회무침,생채·무침류,155.8,61.0,424.0,2.71,6.64,8.3,0.41,2,음식
홍차,음료 및 차류,,0.0,0.0,0.0,0.01,0.01,0.02,74,음식
홍치,어패류 및 기타 수산물,,93.0,,0.1,0.1,18.9,1.4,1,원재료성식품
홍합 무국,국 및 탕류,170.7,19.0,85.0,0.2,1.36,2.7,0.24,3,음식
홍합 미나리죽,죽 및 스프류,256.9,49.0,2.0,0.8,9.88,1.5,0.31,2,음식
홍합 미역국,국 및 탕류,246.0,9.0,253.0,0.02,0.74,1.1,0.25,4,음식
홍합 소고기죽,죽 및 스프류,225.8,131.0,54.0,0.64,18.4,6.2,3.2,3,음식
홍합국(홍합탕),국 및 탕류,300.0,17.0,30.0,0.04,0.75,2.8,0.24,4,음식
홍합류,어패류 및 기타 수산물,,74.0,470.0,0.7,3.92,10.7,1.81,23,원재료성식품
홍합산적,전·적 및 부침류,80.0,196.0,900.0,4.17,13.22,22.23,6.0,1,음식
홍합탕,국 및 탕류,100.0,29.0,303.0,0.0,2.28,3.68,0.57,1,음식
홍화씨유,식용유지류,180.0,800.0,0.0,0.0,0.0,0.0,92.0,1,가공식품
홍화유,식용유지류,435.2,900.0,0.0,0.0,0.0,0.0,100.0,11,가공식품
홑잎나물,채소류,,96.0,1.0,3.32,21.59,4.77,0.84,2,원재료성식품
홑파래류,해조류,,146.0,,48.3,53.2,17.2,1.1,1,원재료성식품
화양적,전·적 및 부침류,134.8,182.0,531.0,0.81,14.23,9.05,9.85,2,음식
환자용 식품,특수의료용도식품,300.0,128.0,145.0,2.41,16.87,6.51,3.86,1105,가공식품
황어,어패류 및 기타 수산물,,95.0,,0.2,0.2,18.3,1.8,1,원재료성식품
황태구이,구이류,185.0,219.0,568.0,7.1,13.45,23.9,7.7,2,음식
황태콩나물찜,찜류,650.0,82.0,244.0,1.74,6.92,10.17,1.99,1,음식
황태해장국,국 및 탕류,600.0,30.0,256.0,0.25,0.95,4.08,1.13,1,음식
회냉면,면 및 만두류,732.6,80.0,294.0,1.43,14.38,3.4,0.87,1,음식
회덮밥,밥류,536.0,145.0,155.0,3.07,17.76,9.1,4.15,4,음식
회무침,생채·무침류,250.0,82.0,275.0,4.53,8.6,8.09,1.65,3,음식
횟대류,어패류 및 기타 수산물,,93.0,,0.49,0.49,19.51,0.9,4,원재료성식품
효모빵,빵 및 과자류,,266.0,421.0,3.45,48.97,9.66,3.45,10,음식
효모음료,음료류,330.0,23.0,2.0,1.13,5.63,0.0,0.0,44,가공식품
후추,조미료류,,374.0,2500.0,,60.1,15.0,8.2,2,원재료성식품
훈제오리,구이류,250.0,259.0,888.0,0.41,3.86,26.85,15.16,2,음식
훠궈,찌개 및 전골류,100.0,93.0,390.0,1.13,6.83,4.81,5.11,1,음식
휘낭시에,과자류·빵류 또는 떡류,45.0,443.0,158.0,30.0,44.86,6.15,26.55,972,가공식품
흑미밥,밥류,285.0,118.0,2.0,0.02,25.8,2.14,0.16,6,음식
흑임자 죽,죽 및 스프류,259.0,106.0,130.0,0.15,16.36,2.2,3.37,1,음식
흑임자죽,죽 및 스프류,400.0,61.0,159.0,0.75,3.64,1.1,4.73,1,음식
흰점박이 꽃무지,기타,,122.0,42.0,0.0,2.9,15.78,5.2,2,원재료성식품
흰죽,죽 및 스프류,291.9,64.0,130.0,0.09,13.49,1.2,0.28,3,음식
히메치,어패류 및 기타 수산물,,99.0,,0.0,0.0,20.9,1.1,1,원재료성식품
히카마(얌빈),감자 및 전분류,,45.0,0.0,2.93,10.66,0.39,0.06,2,원재료성식품
